2026-08-13T13:06:56.793+05:30  INFO 200 --- [QuizApp] [restartedMain] com.java.quiz.QuizAppApplication         : Starting QuizAppApplication using Java 22 with PID 200 (D:\SPRINGBOOT2026\QuizApp\target\classes started by Ravikant Turi in D:\SPRINGBOOT2026\QuizApp)
2026-08-13T13:06:56.799+05:30  INFO 200 --- [QuizApp] [restartedMain] com.java.quiz.QuizAppApplication         : No active profile set, falling back to 1 default profile: "default"
2026-08-13T13:06:56.856+05:30  INFO 200 --- [QuizApp] [restartedMain] .e.DevToolsPropertyDefaultsPostProcessor : Devtools property defaults active! Set 'spring.devtools.add-properties' to 'false' to disable
2026-08-13T13:06:56.857+05:30  INFO 200 --- [QuizApp] [restartedMain] .e.DevToolsPropertyDefaultsPostProcessor : For additional web related logging consider setting the 'logging.level.web' property to 'DEBUG'
2026-08-13T13:06:57.486+05:30  INFO 200 --- [QuizApp] [restartedMain] .s.d.r.c.RepositoryConfigurationDelegate : Bootstrapping Spring Data JPA repositories in DEFAULT mode.
2026-08-13T13:06:57.550+05:30  INFO 200 --- [QuizApp] [restartedMain] .s.d.r.c.RepositoryConfigurationDelegate : Finished Spring Data repository scanning in 53 ms. Found 1 JPA repository interface.
2026-08-13T13:06:58.120+05:30  INFO 200 --- [QuizApp] [restartedMain] o.s.boot.tomcat.TomcatWebServer          : Tomcat initialized with port 8080 (http)
2026-08-13T13:06:58.136+05:30  INFO 200 --- [QuizApp] [restartedMain] o.apache.catalina.core.StandardService   : Starting service [Tomcat]
2026-08-13T13:06:58.137+05:30  INFO 200 --- [QuizApp] [restartedMain] o.apache.catalina.core.StandardEngine    : Starting Servlet engine: [Apache Tomcat/11.0.22]
2026-08-13T13:06:58.192+05:30  INFO 200 --- [QuizApp] [restartedMain] b.w.c.s.WebApplicationContextInitializer : Root WebApplicationContext: initialization completed in 1334 ms
2026-08-13T13:06:58.394+05:30 DEBUG 200 --- [QuizApp] [restartedMain] org.hibernate.orm.jpa                    : HHH008541: PersistenceUnitInfo [
	name: default
	persistence provider classname: null
	classloader: org.springframework.boot.devtools.restart.classloader.RestartClassLoader@22a9e90d
	excludeUnlistedClasses: true
	JTA datasource: null
	Non JTA datasource: HikariDataSource (null)
	Transaction type: RESOURCE_LOCAL
	PU root URL: file:/D:/SPRINGBOOT2026/QuizApp/target/classes/
	Shared Cache Mode: UNSPECIFIED
	Validation Mode: AUTO
	Jar files URLs []
	Managed classes names [
		com.java.quiz.model.Question]
	Mapping files names []
	Properties []
2026-08-13T13:06:58.433+05:30 DEBUG 200 --- [QuizApp] [restartedMain] org.hibernate.orm.service                : HHH010455: Adding integrator: org.hibernate.boot.beanvalidation.BeanValidationIntegrator
2026-08-13T13:06:58.436+05:30 DEBUG 200 --- [QuizApp] [restartedMain] org.hibernate.orm.service                : HHH010455: Adding integrator: org.hibernate.cache.internal.CollectionCacheInvalidator
2026-08-13T13:06:58.471+05:30  INFO 200 --- [QuizApp] [restartedMain] org.hibernate.orm.core                   : HHH000001: Hibernate ORM core version 7.4.1.Final
2026-08-13T13:06:58.472+05:30 DEBUG 200 --- [QuizApp] [restartedMain] org.hibernate.orm.core                   : HHH000206: 'hibernate.properties' not found
2026-08-13T13:06:58.500+05:30 DEBUG 200 --- [QuizApp] [restartedMain] org.hibernate.orm.cache                  : HHH90001031: Cannot default RegionFactory since no RegionFactory strategies were registered
2026-08-13T13:06:58.501+05:30 DEBUG 200 --- [QuizApp] [restartedMain] org.hibernate.orm.cache                  : HHH90001029: Second-level cache disabled
2026-08-13T13:06:58.950+05:30  INFO 200 --- [QuizApp] [restartedMain] o.s.o.j.p.SpringPersistenceUnitInfo      : No LoadTimeWeaver setup: ignoring JPA class transformer
2026-08-13T13:06:58.989+05:30  INFO 200 --- [QuizApp] [restartedMain] com.zaxxer.hikari.HikariDataSource       : HikariPool-1 - Starting...
2026-08-13T13:06:59.389+05:30  INFO 200 --- [QuizApp] [restartedMain] com.zaxxer.hikari.pool.HikariPool        : HikariPool-1 - Added connection com.mysql.cj.jdbc.ConnectionImpl@143d9c60
2026-08-13T13:06:59.390+05:30  INFO 200 --- [QuizApp] [restartedMain] com.zaxxer.hikari.HikariDataSource       : HikariPool-1 - Start completed.
2026-08-13T13:06:59.394+05:30 DEBUG 200 --- [QuizApp] [restartedMain] org.hibernate.orm.jdbc                   : HHH100017: Database:
	name: MySQL
	version: 8.0.34
	major: 8
	minor: 0
2026-08-13T13:06:59.395+05:30 DEBUG 200 --- [QuizApp] [restartedMain] org.hibernate.orm.jdbc                   : HHH100018: Driver:
	name: MySQL Connector/J
	version: mysql-connector-j-9.7.0 (Revision: 0aade1f13bcc98faf7dda5c02e782481eb291f62)
	major: 9
	minor: 7
	JDBC version: 4.2
2026-08-13T13:06:59.456+05:30 DEBUG 200 --- [QuizApp] [restartedMain] org.hibernate.orm.dialect                : HHH035001: Using dialect: org.hibernate.dialect.MySQLDialect, version: 8.0.34
2026-08-13T13:06:59.459+05:30 DEBUG 200 --- [QuizApp] [restartedMain] o.h.e.j.env.spi.IdentifierHelperBuilder  : IdentifierCaseStrategy for both quoted and unquoted identifiers was set to the same strategy [LOWER]; that will likely lead to problems in schema update and validation if using quoted identifiers
2026-08-13T13:06:59.469+05:30 DEBUG 200 --- [QuizApp] [restartedMain] org.hibernate.orm.jdbc                   : HHH100122: Using default JDBC fetch size: 0
2026-08-13T13:06:59.476+05:30  INFO 200 --- [QuizApp] [restartedMain] org.hibernate.orm.connections.pooling    : HHH10001005: Database info:
	Database JDBC URL [jdbc:mysql://localhost:3308/mydbs]
	Database driver: MySQL Connector/J
	Database dialect: MySQLDialect
	Database version: 8.0.34
	Default catalog/schema: mydbs/undefined
	Autocommit mode: undefined/unknown
	Isolation level: REPEATABLE_READ [default REPEATABLE_READ]
	JDBC fetch size: none
	Pool: DataSourceConnectionProvider
	Minimum pool size: undefined/unknown
	Maximum pool size: undefined/unknown
2026-08-13T13:06:59.735+05:30 DEBUG 200 --- [QuizApp] [restartedMain] org.hibernate.orm.factory                : HHH90020001: Instantiating factory [797c1498-02da-4256-b307-3600704762c4] with settings: {java.specification.version=22, sun.cpu.isalist=amd64, hibernate.resource.beans.container=org.springframework.orm.jpa.hibernate.SpringBeanContainer@1126099e, hibernate.connection.handling_mode=DELAYED_ACQUISITION_AND_HOLD, sun.jnu.encoding=Cp1252, hibernate.implicit_naming_strategy=org.springframework.boot.hibernate.SpringImplicitNamingStrategy, java.class.path=D:\SPRINGBOOT2026\QuizApp\target\classes;C:\Users\Ravikant Turi\.m2\repository\org\springframework\boot\spring-boot-starter-data-jpa\4.1.0\spring-boot-starter-data-jpa-4.1.0.jar;C:\Users\Ravikant Turi\.m2\repository\org\springframework\boot\spring-boot-starter\4.1.0\spring-boot-starter-4.1.0.jar;C:\Users\Ravikant Turi\.m2\repository\org\springframework\boot\spring-boot-starter-logging\4.1.0\spring-boot-starter-logging-4.1.0.jar;C:\Users\Ravikant Turi\.m2\repository\ch\qos\logback\logback-classic\1.5.34\logback-classic-1.5.34.jar;C:\Users\Ravikant Turi\.m2\repository\ch\qos\logback\logback-core\1.5.34\logback-core-1.5.34.jar;C:\Users\Ravikant Turi\.m2\repository\org\apache\logging\log4j\log4j-to-slf4j\2.25.4\log4j-to-slf4j-2.25.4.jar;C:\Users\Ravikant Turi\.m2\repository\org\apache\logging\log4j\log4j-api\2.25.4\log4j-api-2.25.4.jar;C:\Users\Ravikant Turi\.m2\repository\org\slf4j\jul-to-slf4j\2.0.18\jul-to-slf4j-2.0.18.jar;C:\Users\Ravikant Turi\.m2\repository\jakarta\annotation\jakarta.annotation-api\3.0.0\jakarta.annotation-api-3.0.0.jar;C:\Users\Ravikant Turi\.m2\repository\org\yaml\snakeyaml\2.6\snakeyaml-2.6.jar;C:\Users\Ravikant Turi\.m2\repository\org\springframework\boot\spring-boot-starter-jdbc\4.1.0\spring-boot-starter-jdbc-4.1.0.jar;C:\Users\Ravikant Turi\.m2\repository\com\zaxxer\HikariCP\7.0.2\HikariCP-7.0.2.jar;C:\Users\Ravikant Turi\.m2\repository\org\slf4j\slf4j-api\2.0.18\slf4j-api-2.0.18.jar;C:\Users\Ravikant Turi\.m2\repository\org\springframework\boot\spring-boot-data-jpa\4.1.0\spring-boot-data-jpa-4.1.0.jar;C:\Users\Ravikant Turi\.m2\repository\org\springframework\boot\spring-boot-data-commons\4.1.0\spring-boot-data-commons-4.1.0.jar;C:\Users\Ravikant Turi\.m2\repository\org\springframework\boot\spring-boot-persistence\4.1.0\spring-boot-persistence-4.1.0.jar;C:\Users\Ravikant Turi\.m2\repository\org\springframework\data\spring-data-commons\4.1.0\spring-data-commons-4.1.0.jar;C:\Users\Ravikant Turi\.m2\repository\org\springframework\boot\spring-boot-hibernate\4.1.0\spring-boot-hibernate-4.1.0.jar;C:\Users\Ravikant Turi\.m2\repository\org\springframework\boot\spring-boot-jpa\4.1.0\spring-boot-jpa-4.1.0.jar;C:\Users\Ravikant Turi\.m2\repository\jakarta\persistence\jakarta.persistence-api\3.2.0\jakarta.persistence-api-3.2.0.jar;C:\Users\Ravikant Turi\.m2\repository\org\hibernate\orm\hibernate-core\7.4.1.Final\hibernate-core-7.4.1.Final.jar;C:\Users\Ravikant Turi\.m2\repository\jakarta\transaction\jakarta.transaction-api\2.0.1\jakarta.transaction-api-2.0.1.jar;C:\Users\Ravikant Turi\.m2\repository\org\jboss\logging\jboss-logging\3.6.3.Final\jboss-logging-3.6.3.Final.jar;C:\Users\Ravikant Turi\.m2\repository\org\hibernate\models\hibernate-models\1.1.1\hibernate-models-1.1.1.jar;C:\Users\Ravikant Turi\.m2\repository\org\glassfish\jaxb\jaxb-runtime\4.0.9\jaxb-runtime-4.0.9.jar;C:\Users\Ravikant Turi\.m2\repository\org\glassfish\jaxb\jaxb-core\4.0.9\jaxb-core-4.0.9.jar;C:\Users\Ravikant Turi\.m2\repository\org\eclipse\angus\angus-activation\2.0.3\angus-activation-2.0.3.jar;C:\Users\Ravikant Turi\.m2\repository\org\glassfish\jaxb\txw2\4.0.9\txw2-4.0.9.jar;C:\Users\Ravikant Turi\.m2\repository\com\sun\istack\istack-commons-runtime\4.1.2\istack-commons-runtime-4.1.2.jar;C:\Users\Ravikant Turi\.m2\repository\jakarta\inject\jakarta.inject-api\2.0.1\jakarta.inject-api-2.0.1.jar;C:\Users\Ravikant Turi\.m2\repository\org\springframework\spring-orm\7.0.8\spring-orm-7.0.8.jar;C:\Users\Ravikant Turi\.m2\repository\org\springframework\data\spring-data-jpa\4.1.0\spring-data-jpa-4.1.0.jar;C:\Users\Ravikant Turi\.m2\repository\org\springframework\spring-aop\7.0.8\spring-aop-7.0.8.jar;C:\Users\Ravikant Turi\.m2\repository\org\springframework\spring-tx\7.0.8\spring-tx-7.0.8.jar;C:\Users\Ravikant Turi\.m2\repository\org\springframework\spring-beans\7.0.8\spring-beans-7.0.8.jar;C:\Users\Ravikant Turi\.m2\repository\org\antlr\antlr4-runtime\4.13.2\antlr4-runtime-4.13.2.jar;C:\Users\Ravikant Turi\.m2\repository\org\springframework\spring-aspects\7.0.8\spring-aspects-7.0.8.jar;C:\Users\Ravikant Turi\.m2\repository\org\aspectj\aspectjweaver\1.9.25.1\aspectjweaver-1.9.25.1.jar;C:\Users\Ravikant Turi\.m2\repository\org\springframework\boot\spring-boot-jdbc\4.1.0\spring-boot-jdbc-4.1.0.jar;C:\Users\Ravikant Turi\.m2\repository\org\springframework\boot\spring-boot-sql\4.1.0\spring-boot-sql-4.1.0.jar;C:\Users\Ravikant Turi\.m2\repository\org\springframework\boot\spring-boot-transaction\4.1.0\spring-boot-transaction-4.1.0.jar;C:\Users\Ravikant Turi\.m2\repository\org\springframework\spring-jdbc\7.0.8\spring-jdbc-7.0.8.jar;C:\Users\Ravikant Turi\.m2\repository\org\springframework\boot\spring-boot-starter-webmvc\4.1.0\spring-boot-starter-webmvc-4.1.0.jar;C:\Users\Ravikant Turi\.m2\repository\org\springframework\boot\spring-boot-starter-jackson\4.1.0\spring-boot-starter-jackson-4.1.0.jar;C:\Users\Ravikant Turi\.m2\repository\org\springframework\boot\spring-boot-jackson\4.1.0\spring-boot-jackson-4.1.0.jar;C:\Users\Ravikant Turi\.m2\repository\tools\jackson\core\jackson-databind\3.1.4\jackson-databind-3.1.4.jar;C:\Users\Ravikant Turi\.m2\repository\com\fasterxml\jackson\core\jackson-annotations\2.21\jackson-annotations-2.21.jar;C:\Users\Ravikant Turi\.m2\repository\tools\jackson\core\jackson-core\3.1.4\jackson-core-3.1.4.jar;C:\Users\Ravikant Turi\.m2\repository\org\springframework\boot\spring-boot-starter-tomcat\4.1.0\spring-boot-starter-tomcat-4.1.0.jar;C:\Users\Ravikant Turi\.m2\repository\org\springframework\boot\spring-boot-starter-tomcat-runtime\4.1.0\spring-boot-starter-tomcat-runtime-4.1.0.jar;C:\Users\Ravikant Turi\.m2\repository\org\apache\tomcat\embed\tomcat-embed-core\11.0.22\tomcat-embed-core-11.0.22.jar;C:\Users\Ravikant Turi\.m2\repository\org\apache\tomcat\embed\tomcat-embed-el\11.0.22\tomcat-embed-el-11.0.22.jar;C:\Users\Ravikant Turi\.m2\repository\org\apache\tomcat\embed\tomcat-embed-websocket\11.0.22\tomcat-embed-websocket-11.0.22.jar;C:\Users\Ravikant Turi\.m2\repository\org\springframework\boot\spring-boot-tomcat\4.1.0\spring-boot-tomcat-4.1.0.jar;C:\Users\Ravikant Turi\.m2\repository\org\springframework\boot\spring-boot-http-converter\4.1.0\spring-boot-http-converter-4.1.0.jar;C:\Users\Ravikant Turi\.m2\repository\org\springframework\spring-web\7.0.8\spring-web-7.0.8.jar;C:\Users\Ravikant Turi\.m2\repository\io\micrometer\micrometer-observation\1.17.0\micrometer-observation-1.17.0.jar;C:\Users\Ravikant Turi\.m2\repository\io\micrometer\micrometer-commons\1.17.0\micrometer-commons-1.17.0.jar;C:\Users\Ravikant Turi\.m2\repository\org\springframework\boot\spring-boot-webmvc\4.1.0\spring-boot-webmvc-4.1.0.jar;C:\Users\Ravikant Turi\.m2\repository\org\springframework\boot\spring-boot-servlet\4.1.0\spring-boot-servlet-4.1.0.jar;C:\Users\Ravikant Turi\.m2\repository\org\springframework\spring-webmvc\7.0.8\spring-webmvc-7.0.8.jar;C:\Users\Ravikant Turi\.m2\repository\org\springframework\spring-expression\7.0.8\spring-expression-7.0.8.jar;C:\Users\Ravikant Turi\.m2\repository\org\modelmapper\modelmapper\3.2.1\modelmapper-3.2.1.jar;C:\Users\Ravikant Turi\.m2\repository\org\springframework\boot\spring-boot-devtools\4.1.0\spring-boot-devtools-4.1.0.jar;C:\Users\Ravikant Turi\.m2\repository\org\springframework\boot\spring-boot\4.1.0\spring-boot-4.1.0.jar;C:\Users\Ravikant Turi\.m2\repository\org\springframework\spring-core\7.0.8\spring-core-7.0.8.jar;C:\Users\Ravikant Turi\.m2\repository\commons-logging\commons-logging\1.3.6\commons-logging-1.3.6.jar;C:\Users\Ravikant Turi\.m2\repository\org\jspecify\jspecify\1.0.0\jspecify-1.0.0.jar;C:\Users\Ravikant Turi\.m2\repository\org\springframework\spring-context\7.0.8\spring-context-7.0.8.jar;C:\Users\Ravikant Turi\.m2\repository\org\springframework\boot\spring-boot-autoconfigure\4.1.0\spring-boot-autoconfigure-4.1.0.jar;C:\Users\Ravikant Turi\.m2\repository\com\mysql\mysql-connector-j\9.7.0\mysql-connector-j-9.7.0.jar;C:\Users\Ravikant Turi\.m2\repository\org\projectlombok\lombok\1.18.46\lombok-1.18.46.jar;C:\Users\Ravikant Turi\.m2\repository\jakarta\xml\bind\jakarta.xml.bind-api\4.0.5\jakarta.xml.bind-api-4.0.5.jar;C:\Users\Ravikant Turi\.m2\repository\jakarta\activation\jakarta.activation-api\2.1.4\jakarta.activation-api-2.1.4.jar;C:\Users\Ravikant Turi\.m2\repository\net\bytebuddy\byte-buddy\1.18.10\byte-buddy-1.18.10.jar;C:\Users\Ravikant Turi\.m2\repository\org\springframework\boot\spring-boot-web-server\4.1.0\spring-boot-web-server-4.1.0.jar, java.vm.vendor=Oracle Corporation, sun.arch.data.model=64, user.variant=, java.vendor.url=https://java.oracle.com/, catalina.useNaming=false, user.timezone=Asia/Calcutta, jakarta.persistence.sharedCache.mode=UNSPECIFIED, org.jboss.logging.provider=slf4j, java.vm.specification.version=22, os.name=Windows 11, APPLICATION_NAME=QuizApp, jakarta.persistence.nonJtaDataSource=HikariDataSource (HikariPool-1), sun.java.launcher=SUN_STANDARD, user.country=IN, sun.boot.library.path=C:\Program Files\Java\jdk-22\bin, sun.java.command=com.java.quiz.QuizAppApplication, javax.persistence.nonJtaDataSource=HikariDataSource (HikariPool-1), jdk.debug=release, sun.cpu.endian=little, hibernate.cdi.extensions=true, user.home=C:\Users\Ravikant Turi, user.language=en, sun.stderr.encoding=UTF-8, java.specification.vendor=Oracle Corporation, java.version.date=2024-03-19, java.home=C:\Program Files\Java\jdk-22, file.separator=\, java.vm.compressedOopsMode=32-bit, sun.stdout.encoding=UTF-8, line.separator=
, hibernate.persistenceUnitName=default, java.vm.specification.vendor=Oracle Corporation, java.specification.name=Java Platform API Specification, FILE_LOG_CHARSET=UTF-8, hibernate.transaction.coordinator_class=class org.hibernate.resource.transaction.backend.jdbc.internal.JdbcResourceLocalTransactionCoordinatorBuilderImpl, java.awt.headless=true, jakarta.persistence.validation.mode=AUTO, hibernate.hbm2ddl.auto=update, user.script=, sun.management.compiler=HotSpot 64-Bit Tiered Compilers, java.runtime.version=22+36-2370, user.name=Ravikant Turi, stdout.encoding=UTF-8, path.separator=;, os.version=10.0, java.runtime.name=Java(TM) SE Runtime Environment, file.encoding=UTF-8, java.vm.name=Java HotSpot(TM) 64-Bit Server VM, hibernate.show_sql=true, LOG_FILE=application.log, java.vendor.url.bug=https://bugreport.java.com/bugreport/, java.io.tmpdir=C:\Users\RAVIKA~1\AppData\Local\Temp\, catalina.home=C:\Users\Ravikant Turi\AppData\Local\Temp\tomcat.8080.12368569169555901723, java.version=22, hibernate.physical_naming_strategy=org.hibernate.boot.model.naming.PhysicalNamingStrategySnakeCaseImpl, user.dir=D:\SPRINGBOOT2026\QuizApp, os.arch=amd64, java.vm.specification.name=Java Virtual Machine Specification, PID=200, sun.os.patch.level=, CONSOLE_LOG_CHARSET=windows-1252, catalina.base=C:\Users\Ravikant Turi\AppData\Local\Temp\tomcat.8080.12368569169555901723, hibernate.boot.CfgXmlAccessService.key=org.hibernate.boot.registry.StandardServiceRegistryBuilder$1@26f79e52, native.encoding=Cp1252, java.library.path=C:\Program Files\Java\jdk-22\bin;C:\WINDOWS\Sun\Java\bin;C:\WINDOWS\system32;C:\WINDOWS;C:\Users\Ravikant Turi\AppData\Local\Programs\Python\Python312\Scripts\;C:\Users\Ravikant Turi\AppData\Local\Programs\Python\Python312\;C:\Program Files\Common Files\Oracle\Java\javapath;C:\windows\system32;C:\windows;C:\windows\System32\Wbem;C:\windows\System32\WindowsPowerShell\v1.0\;C:\windows\System32\OpenSSH\;C:\Program Files (x86)\NVIDIA Corporation\PhysX\Common;C:\Program Files\NVIDIA Corporation\NVIDIA NvDLISR;C:\WINDOWS\system32;C:\WINDOWS;C:\WINDOWS\System32\Wbem;C:\WINDOWS\System32\WindowsPowerShell\v1.0\;C:\WINDOWS\System32\OpenSSH\;C:\Program Files (x86)\Dev-Cpp\MinGW64\bin;C:\Program Files\Java\jdk-19\bin;C:\ProgramData\chocolatey\bin;C:\GRADLE\gradle-7.6.4\bin;C:\Program Files\Git\cmd;C:\apache-jmeter-5.6.3\bin;C:\Program Files\nodejs\;C:\Users\Ravikant Turi\anaconda3;C:\Users\Ravikant Turi\anaconda3\Library\mingw-w64\bin;C:\Users\Ravikant Turi\anaconda3\Library\usr\bin;C:\Users\Ravikant Turi\anaconda3\Library\bin;C:\Users\Ravikant Turi\anaconda3\Scripts;C:\Users\Ravikant Turi\anaconda3\anakonda\ravi;C:\Users\Ravikant Turi\anaconda3\anakonda\ravi\Library\mingw-w64\bin;C:\Users\Ravikant Turi\anaconda3\anakonda\ravi\Library\usr\bin;C:\Users\Ravikant Turi\anaconda3\anakonda\ravi\Library\bin;C:\Users\Ravikant Turi\anaconda3\anakonda\ravi\Scripts;C:\Users\Ravikant Turi\AppData\Local\Microsoft\WindowsApps;C:\Program Files\JetBrains\IntelliJ IDEA Community Edition 2023.3.4\bin;;C:\Program Files\MinGW\bin;C:\Program Files\JetBrains\IntelliJ IDEA 2023.3.4\bin;;C:\Program Files\Java\jdk-19\bin;C:\Program Files\Java\jdk-22\bin;C:\Users\Ravikant Turi\AppData\Local\Programs\mongosh\;C:\Users\Ravikant Turi\AppData\Local\Programs\Microsoft VS Code\bin;C:\Users\Ravikant Turi\AppData\Roaming\npm;C:\Users\Ravikant Turi\AppData\Local\GitHubDesktop\bin;., stderr.encoding=UTF-8, java.vendor=Oracle Corporation, java.vm.info=mixed mode, sharing, java.vm.version=22+36-2370, sun.io.unicode.encoding=UnicodeLittle, hibernate.archive.scanner=org.hibernate.boot.archive.scan.internal.DisabledScanner, hibernate.connection.datasource=HikariDataSource (HikariPool-1), java.class.version=66.0, LOGGED_APPLICATION_NAME=[QuizApp] }
2026-08-13T13:06:59.819+05:30 DEBUG 200 --- [QuizApp] [restartedMain] org.hibernate.HQL_FUNCTIONS              : Available HQL Functions:
	abs(NUMERIC arg)
	Double acos(NUMERIC arg)
	adddate(DATE datetime, INTEGER days)
	addtime(TIME datetime, TIME time)
	Boolean any(BOOLEAN arg)
	Integer ascii(STRING arg)
	Double asin(NUMERIC arg)
	Double atan(NUMERIC arg)
	Double atan2(NUMERIC arg0, NUMERIC arg1)
	avg(arg)
	bit_and(arg)
	Integer bit_length(STRING_OR_CLOB arg)
	bit_or(arg)
	bitand(arg0, arg1)
	bitnot(arg)
	bitor(arg0, arg1)
	bitxor(arg0, arg1)
	cast(arg as Type)
	ceiling(NUMERIC arg)
	Object changesetid(arg)
	Character char(INTEGER arg)
	Integer character_length(STRING_OR_CLOB arg)
	Character chr(INTEGER arg)
	coalesce(arg0[, arg1[, ...]])
	String collate(STRING string as COLLATION collation)
	String concat(STRING string0[, STRING string1[, ...]])
	Double cos(NUMERIC arg)
	Double cosh(NUMERIC arg)
	Double cot(NUMERIC arg)
	Long count([distinct ]{arg|*})
	Integer crc32(arg)
	Double cume_dist([arg0[, ...]])
	Date curdate()
	Date current date
	Date current time
	Date current timestamp
	Date current_date
	Instant current_instant
	Date current_time
	Date current_timestamp
	Date curtime()
	Date date(arg)
	dateadd(TEMPORAL_UNIT field, INTEGER magnitude, TEMPORAL datetime)
	Integer datediff(DATE end, DATE start)
	Integer day(DATE arg)
	String dayname(DATE arg)
	Integer dayofmonth(DATE arg)
	Integer dayofweek(DATE arg)
	Integer dayofyear(DATE arg)
	Double degrees(NUMERIC arg)
	Long dense_rank([arg0[, ...]])
	Boolean every(BOOLEAN arg)
	Double exp(NUMERIC arg)
	extract(TEMPORAL_UNIT field from TEMPORAL arg)
	first_valueANY value
	floor(NUMERIC arg)
	String format(TEMPORAL datetime as STRING pattern)
	greatest(COMPARABLE arg0, COMPARABLE arg1[, arg2[, ...]])
	String hex(arg)
	Integer hour(TIME arg)
	ifnull(arg0, arg1)
	String insert(STRING string, INTEGER start, INTEGER length, STRING replacement)
	Instant instant
	Integer instr(STRING string, STRING pattern[, INTEGER start[, INTEGER occurrence]])
	String json_array([arg0[, ...]])
	String json_array_append(IMPLICIT_JSON arg0, STRING arg1, ANY arg2)
	String json_array_insert(IMPLICIT_JSON arg0, STRING arg1, ANY arg2)
	String json_arrayagg(arg0[, arg1])
	Boolean json_exists(IMPLICIT_JSON arg0, STRING arg1)
	String json_insert(IMPLICIT_JSON arg0, STRING arg1, ANY arg2)
	String json_mergepatch(IMPLICIT_JSON arg0, IMPLICIT_JSON arg1[, arg2[, ...]])
	String json_object( ... )
	String json_objectagg(arg0, arg1[, arg2, arg3])
	String json_query( ... )
	String json_remove(IMPLICIT_JSON arg0, STRING arg1)
	String json_replace(IMPLICIT_JSON arg0, STRING arg1, ANY arg2)
	String json_set(IMPLICIT_JSON arg0, STRING arg1, ANY arg2)
	json_value( ... )
	lagANY value[, INTEGER offset[, ANY default]]
	Date last_day(DATE arg)
	last_valueANY value
	leadANY value[, INTEGER offset[, ANY default]]
	least(COMPARABLE arg0, COMPARABLE arg1[, arg2[, ...]])
	String left(STRING string, INTEGER length)
	Integer length(STRING_OR_CLOB arg)
	String listagg(STRING arg0, STRING arg1)
	Double ln(NUMERIC arg)
	LocalDate local date
	LocalDateTime local datetime
	LocalTime local time
	LocalDate local_date
	LocalDateTime local_datetime
	LocalTime local_time
	Date localtime
	Date localtimestamp
	Integer locate(STRING pattern, STRING string[, INTEGER start])
	Double log(NUMERIC arg0[, NUMERIC arg1])
	Double log10(NUMERIC arg)
	Double log2(NUMERIC arg)
	String lower(STRING string)
	String lpad(string, length[, padding])
	String ltrim(STRING string[, STRING characters])
	Date makedate(INTEGER year, INTEGER dayofyear)
	Date maketime(INTEGER hour, INTEGER min, INTEGER sec)
	max(COMPARABLE arg)
	byte[] md5(arg)
	Integer microsecond(TIME arg)
	min(COMPARABLE arg)
	Integer minute(TIME arg)
	Integer mod(INTEGER arg0, INTEGER arg1)
	ModificationType modificationtype(arg)
	Integer month(DATE arg)
	String monthname(DATE arg)
	Date now()
	nth_valueANY value, INTEGER nth
	nullif(arg0, arg1)
	Integer octet_length(STRING_OR_CLOB arg)
	OffsetDateTime offset datetime
	OffsetDateTime offset_datetime
	Integer ordinal(ENUM arg)
	String overlay(STRING string placing STRING replacement from INTEGER start[ for INTEGER length])
	String pad(STRING string with INTEGER length {leading|trailing}[ STRING character])
	Double percent_rank([arg0[, ...]])
	Double pi
	Integer position(STRING pattern in STRING string)
	Double power(NUMERIC arg0, NUMERIC arg1)
	Integer quarter(DATE arg)
	Double radians(NUMERIC arg)
	Double rand([INTEGER seed])
	Long rank([arg0[, ...]])
	Boolean regexp_like(STRING arg0, STRING arg1[, STRING arg2])
	String repeat(STRING string, INTEGER times)
	String replace(STRING string, STRING pattern, STRING replacement)
	String reverse(STRING arg)
	String right(STRING string, INTEGER length)
	round(NUMERIC number[, INTEGER places])
	Long row_number()
	String rpad(string, length[, padding])
	String rtrim(STRING string[, STRING characters])
	Integer second(TIME arg)
	byte[] sha(arg)
	String sha1(arg)
	String sha2(arg0, arg1)
	Integer sign(NUMERIC arg)
	Double sin(NUMERIC arg)
	Double sinh(NUMERIC arg)
	String soundex(arg)
	String space(INTEGER arg)
	sql
	Double sqrt(NUMERIC arg)
	Double stddev(NUMERIC arg)
	Double stddev_pop(NUMERIC arg)
	Double stddev_samp(NUMERIC arg)
	String str(arg)
	String string(ENUM arg)
	subdate(DATE datetime, INTEGER days)
	String substr(STRING string, INTEGER start[, INTEGER length])
	String substring(STRING string{ from|,} INTEGER start[{ for|,} INTEGER length])
	subtime(TIME datetime, TIME time)
	sum(arg)
	Date sysdate()
	Double tan(NUMERIC arg)
	Double tanh(NUMERIC arg)
	String time(arg)
	Date timestamp(arg0[, arg1])
	timestampadd(TEMPORAL_UNIT field, INTEGER magnitude, TEMPORAL datetime)
	Long|Double timestampdiff(TEMPORAL_UNIT field, TEMPORAL start, TEMPORAL end)
	String trim([[{leading|trailing|both} ][STRING arg0 ]from] STRING arg1)
	trunc( ... )
	truncate( ... )
	String upper(STRING string)
	Date utc_date
	Date utc_time
	Date utc_timestamp
	Double var_pop(NUMERIC arg)
	Double var_samp(NUMERIC arg)
	Double variance(NUMERIC arg)
	Integer week(DATE arg)
	Integer year(DATE arg)

2026-08-13T13:07:00.111+05:30 DEBUG 200 --- [QuizApp] [restartedMain] org.hibernate.orm.core                   : HHH000513: Unable to create the ReflectionOptimizer for [com.java.quiz.model.Question]: private accessor [category]
2026-08-13T13:07:00.259+05:30  INFO 200 --- [QuizApp] [restartedMain] org.hibernate.orm.core                   : HHH000489: No JTA platform available (set 'hibernate.transaction.jta.platform' to enable JTA platform integration)
2026-08-13T13:07:00.263+05:30 DEBUG 200 --- [QuizApp] [restartedMain] org.hibernate.orm.service                : HHH010454: EventListenerRegistry access via ServiceRegistry is deprecated - use 'sessionFactory.getEventEngine().getListenerRegistry()' instead
2026-08-13T13:07:00.304+05:30 DEBUG 200 --- [QuizApp] [restartedMain] org.hibernate.mapping.Table              : No alter strings for table: question
2026-08-13T13:07:00.305+05:30 DEBUG 200 --- [QuizApp] [restartedMain] org.hibernate.orm.factoryRegistry        : HHH020384: Registering SessionFactory [797c1498-02da-4256-b307-3600704762c4] (default)
2026-08-13T13:07:00.305+05:30  INFO 200 --- [QuizApp] [restartedMain] j.LocalContainerEntityManagerFactoryBean : Initialized JPA EntityManagerFactory for persistence unit 'default'
2026-08-13T13:07:00.401+05:30  INFO 200 --- [QuizApp] [restartedMain] o.s.d.j.r.query.QueryEnhancerFactories   : Hibernate is in classpath; If applicable, HQL parser will be used.
2026-08-13T13:07:00.557+05:30  WARN 200 --- [QuizApp] [restartedMain] JpaBaseConfiguration$JpaWebConfiguration : spring.jpa.open-in-view is enabled by default. Therefore, database queries may be performed during view rendering. Explicitly configure spring.jpa.open-in-view to disable this warning
2026-08-13T13:07:00.912+05:30  INFO 200 --- [QuizApp] [restartedMain] o.s.boot.tomcat.TomcatWebServer          : Tomcat started on port 8080 (http) with context path '/'
2026-08-13T13:07:00.918+05:30  INFO 200 --- [QuizApp] [restartedMain] com.java.quiz.QuizAppApplication         : Started QuizAppApplication in 4.77 seconds (process running for 5.366)
2026-08-13T13:07:15.981+05:30  INFO 200 --- [QuizApp] [http-nio-8080-exec-2] o.a.c.c.C.[Tomcat].[localhost].[/]       : Initializing Spring DispatcherServlet 'dispatcherServlet'
2026-08-13T13:07:15.982+05:30  INFO 200 --- [QuizApp] [http-nio-8080-exec-2] o.s.web.servlet.DispatcherServlet        : Initializing Servlet 'dispatcherServlet'
2026-08-13T13:07:15.984+05:30  INFO 200 --- [QuizApp] [http-nio-8080-exec-2] o.s.web.servlet.DispatcherServlet        : Completed initialization in 2 ms
2026-08-13T13:07:16.007+05:30 DEBUG 200 --- [QuizApp] [http-nio-8080-exec-2] org.hibernate.orm.core                   : HHH006588: Opening session [tenant=null]
2026-08-13T13:07:16.213+05:30 DEBUG 200 --- [QuizApp] [http-nio-8080-exec-2] org.hibernate.orm.core                   : HHH006583: Beginning transaction
2026-08-13T13:07:16.259+05:30 DEBUG 200 --- [QuizApp] [http-nio-8080-exec-2] org.hibernate.SQL                        : select q1_0.id,q1_0.category,q1_0.content,q1_0.correct_ans,q1_0.created_at,q1_0.difficulty_level,q1_0.is_deleted,q1_0.optiona,q1_0.optionb,q1_0.optionc,q1_0.optiond,q1_0.question_id,q1_0.updated_at from question q1_0 where q1_0.id=?
2026-08-13T13:07:16.290+05:30 DEBUG 200 --- [QuizApp] [http-nio-8080-exec-2] org.hibernate.SQL                        : select q1_0.id,q1_0.category,q1_0.content,q1_0.correct_ans,q1_0.created_at,q1_0.difficulty_level,q1_0.is_deleted,q1_0.optiona,q1_0.optionb,q1_0.optionc,q1_0.optiond,q1_0.question_id,q1_0.updated_at from question q1_0 where q1_0.id=?
2026-08-13T13:07:16.294+05:30 DEBUG 200 --- [QuizApp] [http-nio-8080-exec-2] org.hibernate.orm.core                   : HHH006585: Rolling back transaction
2026-08-13T13:07:16.350+05:30  WARN 200 --- [QuizApp] [http-nio-8080-exec-2] .m.m.a.ExceptionHandlerExceptionResolver : Resolved [org.springframework.orm.ObjectOptimisticLockingFailureException: Row was already updated or deleted by another transaction for entity [com.java.quiz.model.Question with id '781']]
2026-08-13T13:07:16.352+05:30 DEBUG 200 --- [QuizApp] [http-nio-8080-exec-2] org.hibernate.session.metrics            : HHH000401: Logging session metrics:
	656900 ns acquiring 1 JDBC connections
	0 ns releasing 0 JDBC connections
	3013000 ns preparing 2 JDBC statements
	4696000 ns executing 2 JDBC statements
	0 ns executing 0 JDBC batches
	0 ns performing 0 second-level cache puts
	0 ns performing 0 second-level cache hits
	0 ns performing 0 second-level cache misses
	0 ns executing 0 flushes (flushing a total of 0 entities and 0 collections)
	0 ns executing 0 pre-partial-flushes
	0 ns executing 0 partial-flushes (flushing a total of 0 entities and 0 collections)

2026-08-13T13:07:54.225+05:30 DEBUG 200 --- [QuizApp] [http-nio-8080-exec-4] org.hibernate.orm.core                   : HHH006588: Opening session [tenant=null]
2026-08-13T13:07:54.226+05:30 DEBUG 200 --- [QuizApp] [http-nio-8080-exec-4] org.hibernate.orm.core                   : HHH006583: Beginning transaction
2026-08-13T13:07:54.229+05:30 DEBUG 200 --- [QuizApp] [http-nio-8080-exec-4] org.hibernate.SQL                        : select q1_0.id,q1_0.category,q1_0.content,q1_0.correct_ans,q1_0.created_at,q1_0.difficulty_level,q1_0.is_deleted,q1_0.optiona,q1_0.optionb,q1_0.optionc,q1_0.optiond,q1_0.question_id,q1_0.updated_at from question q1_0 where q1_0.id=?
2026-08-13T13:07:54.230+05:30 DEBUG 200 --- [QuizApp] [http-nio-8080-exec-4] org.hibernate.SQL                        : select q1_0.id,q1_0.category,q1_0.content,q1_0.correct_ans,q1_0.created_at,q1_0.difficulty_level,q1_0.is_deleted,q1_0.optiona,q1_0.optionb,q1_0.optionc,q1_0.optiond,q1_0.question_id,q1_0.updated_at from question q1_0 where q1_0.id=?
2026-08-13T13:07:54.231+05:30 DEBUG 200 --- [QuizApp] [http-nio-8080-exec-4] org.hibernate.orm.core                   : HHH006585: Rolling back transaction
2026-08-13T13:07:54.236+05:30  WARN 200 --- [QuizApp] [http-nio-8080-exec-4] .m.m.a.ExceptionHandlerExceptionResolver : Resolved [org.springframework.orm.ObjectOptimisticLockingFailureException: Row was already updated or deleted by another transaction for entity [com.java.quiz.model.Question with id '781']]
2026-08-13T13:07:54.236+05:30 DEBUG 200 --- [QuizApp] [http-nio-8080-exec-4] org.hibernate.session.metrics            : HHH000401: Logging session metrics:
	668900 ns acquiring 1 JDBC connections
	0 ns releasing 0 JDBC connections
	379700 ns preparing 2 JDBC statements
	1749900 ns executing 2 JDBC statements
	0 ns executing 0 JDBC batches
	0 ns performing 0 second-level cache puts
	0 ns performing 0 second-level cache hits
	0 ns performing 0 second-level cache misses
	0 ns executing 0 flushes (flushing a total of 0 entities and 0 collections)
	0 ns executing 0 pre-partial-flushes
	0 ns executing 0 partial-flushes (flushing a total of 0 entities and 0 collections)

2026-08-13T13:08:10.336+05:30  INFO 200 --- [QuizApp] [SpringApplicationShutdownHook] o.s.boot.tomcat.GracefulShutdown         : Commencing graceful shutdown. Waiting for active requests to complete
2026-08-13T13:08:10.350+05:30  INFO 200 --- [QuizApp] [tomcat-shutdown] o.s.boot.tomcat.GracefulShutdown         : Graceful shutdown complete
2026-08-13T13:08:10.353+05:30  INFO 200 --- [QuizApp] [SpringApplicationShutdownHook] j.LocalContainerEntityManagerFactoryBean : Closing JPA EntityManagerFactory for persistence unit 'default'
2026-08-13T13:08:10.353+05:30 DEBUG 200 --- [QuizApp] [SpringApplicationShutdownHook] org.hibernate.orm.factory                : HHH90020005: Closing factory [797c1498-02da-4256-b307-3600704762c4]
2026-08-13T13:08:10.357+05:30  INFO 200 --- [QuizApp] [SpringApplicationShutdownHook] com.zaxxer.hikari.HikariDataSource       : HikariPool-1 - Shutdown initiated...
2026-08-13T13:08:10.367+05:30  INFO 200 --- [QuizApp] [SpringApplicationShutdownHook] com.zaxxer.hikari.HikariDataSource       : HikariPool-1 - Shutdown completed.
2026-08-13T13:08:15.483+05:30  INFO 10724 --- [QuizApp] [restartedMain] com.java.quiz.QuizAppApplication         : Starting QuizAppApplication using Java 22 with PID 10724 (D:\SPRINGBOOT2026\QuizApp\target\classes started by Ravikant Turi in D:\SPRINGBOOT2026\QuizApp)
2026-08-13T13:08:15.488+05:30  INFO 10724 --- [QuizApp] [restartedMain] com.java.quiz.QuizAppApplication         : No active profile set, falling back to 1 default profile: "default"
2026-08-13T13:08:15.543+05:30  INFO 10724 --- [QuizApp] [restartedMain] .e.DevToolsPropertyDefaultsPostProcessor : Devtools property defaults active! Set 'spring.devtools.add-properties' to 'false' to disable
2026-08-13T13:08:15.543+05:30  INFO 10724 --- [QuizApp] [restartedMain] .e.DevToolsPropertyDefaultsPostProcessor : For additional web related logging consider setting the 'logging.level.web' property to 'DEBUG'
2026-08-13T13:08:16.128+05:30  INFO 10724 --- [QuizApp] [restartedMain] .s.d.r.c.RepositoryConfigurationDelegate : Bootstrapping Spring Data JPA repositories in DEFAULT mode.
2026-08-13T13:08:16.191+05:30  INFO 10724 --- [QuizApp] [restartedMain] .s.d.r.c.RepositoryConfigurationDelegate : Finished Spring Data repository scanning in 54 ms. Found 1 JPA repository interface.
2026-08-13T13:08:16.713+05:30  INFO 10724 --- [QuizApp] [restartedMain] o.s.boot.tomcat.TomcatWebServer          : Tomcat initialized with port 8080 (http)
2026-08-13T13:08:16.728+05:30  INFO 10724 --- [QuizApp] [restartedMain] o.apache.catalina.core.StandardService   : Starting service [Tomcat]
2026-08-13T13:08:16.728+05:30  INFO 10724 --- [QuizApp] [restartedMain] o.apache.catalina.core.StandardEngine    : Starting Servlet engine: [Apache Tomcat/11.0.22]
2026-08-13T13:08:16.778+05:30  INFO 10724 --- [QuizApp] [restartedMain] b.w.c.s.WebApplicationContextInitializer : Root WebApplicationContext: initialization completed in 1234 ms
2026-08-13T13:08:16.958+05:30 DEBUG 10724 --- [QuizApp] [restartedMain] org.hibernate.orm.jpa                    : HHH008541: PersistenceUnitInfo [
	name: default
	persistence provider classname: null
	classloader: org.springframework.boot.devtools.restart.classloader.RestartClassLoader@78b1c8c8
	excludeUnlistedClasses: true
	JTA datasource: null
	Non JTA datasource: HikariDataSource (null)
	Transaction type: RESOURCE_LOCAL
	PU root URL: file:/D:/SPRINGBOOT2026/QuizApp/target/classes/
	Shared Cache Mode: UNSPECIFIED
	Validation Mode: AUTO
	Jar files URLs []
	Managed classes names [
		com.java.quiz.model.Question]
	Mapping files names []
	Properties []
2026-08-13T13:08:16.994+05:30 DEBUG 10724 --- [QuizApp] [restartedMain] org.hibernate.orm.service                : HHH010455: Adding integrator: org.hibernate.boot.beanvalidation.BeanValidationIntegrator
2026-08-13T13:08:16.996+05:30 DEBUG 10724 --- [QuizApp] [restartedMain] org.hibernate.orm.service                : HHH010455: Adding integrator: org.hibernate.cache.internal.CollectionCacheInvalidator
2026-08-13T13:08:17.035+05:30  INFO 10724 --- [QuizApp] [restartedMain] org.hibernate.orm.core                   : HHH000001: Hibernate ORM core version 7.4.1.Final
2026-08-13T13:08:17.036+05:30 DEBUG 10724 --- [QuizApp] [restartedMain] org.hibernate.orm.core                   : HHH000206: 'hibernate.properties' not found
2026-08-13T13:08:17.063+05:30 DEBUG 10724 --- [QuizApp] [restartedMain] org.hibernate.orm.cache                  : HHH90001031: Cannot default RegionFactory since no RegionFactory strategies were registered
2026-08-13T13:08:17.064+05:30 DEBUG 10724 --- [QuizApp] [restartedMain] org.hibernate.orm.cache                  : HHH90001029: Second-level cache disabled
2026-08-13T13:08:17.741+05:30  INFO 10724 --- [QuizApp] [restartedMain] o.s.o.j.p.SpringPersistenceUnitInfo      : No LoadTimeWeaver setup: ignoring JPA class transformer
2026-08-13T13:08:17.874+05:30  INFO 10724 --- [QuizApp] [restartedMain] com.zaxxer.hikari.HikariDataSource       : HikariPool-1 - Starting...
2026-08-13T13:08:18.255+05:30  INFO 10724 --- [QuizApp] [restartedMain] com.zaxxer.hikari.pool.HikariPool        : HikariPool-1 - Added connection com.mysql.cj.jdbc.ConnectionImpl@6b925399
2026-08-13T13:08:18.257+05:30  INFO 10724 --- [QuizApp] [restartedMain] com.zaxxer.hikari.HikariDataSource       : HikariPool-1 - Start completed.
2026-08-13T13:08:18.261+05:30 DEBUG 10724 --- [QuizApp] [restartedMain] org.hibernate.orm.jdbc                   : HHH100017: Database:
	name: MySQL
	version: 8.0.34
	major: 8
	minor: 0
2026-08-13T13:08:18.261+05:30 DEBUG 10724 --- [QuizApp] [restartedMain] org.hibernate.orm.jdbc                   : HHH100018: Driver:
	name: MySQL Connector/J
	version: mysql-connector-j-9.7.0 (Revision: 0aade1f13bcc98faf7dda5c02e782481eb291f62)
	major: 9
	minor: 7
	JDBC version: 4.2
2026-08-13T13:08:18.319+05:30 DEBUG 10724 --- [QuizApp] [restartedMain] org.hibernate.orm.dialect                : HHH035001: Using dialect: org.hibernate.dialect.MySQLDialect, version: 8.0.34
2026-08-13T13:08:18.322+05:30 DEBUG 10724 --- [QuizApp] [restartedMain] o.h.e.j.env.spi.IdentifierHelperBuilder  : IdentifierCaseStrategy for both quoted and unquoted identifiers was set to the same strategy [LOWER]; that will likely lead to problems in schema update and validation if using quoted identifiers
2026-08-13T13:08:18.331+05:30 DEBUG 10724 --- [QuizApp] [restartedMain] org.hibernate.orm.jdbc                   : HHH100122: Using default JDBC fetch size: 0
2026-08-13T13:08:18.338+05:30  INFO 10724 --- [QuizApp] [restartedMain] org.hibernate.orm.connections.pooling    : HHH10001005: Database info:
	Database JDBC URL [jdbc:mysql://localhost:3308/mydbs]
	Database driver: MySQL Connector/J
	Database dialect: MySQLDialect
	Database version: 8.0.34
	Default catalog/schema: mydbs/undefined
	Autocommit mode: undefined/unknown
	Isolation level: REPEATABLE_READ [default REPEATABLE_READ]
	JDBC fetch size: none
	Pool: DataSourceConnectionProvider
	Minimum pool size: undefined/unknown
	Maximum pool size: undefined/unknown
2026-08-13T13:08:18.596+05:30 DEBUG 10724 --- [QuizApp] [restartedMain] org.hibernate.orm.factory                : HHH90020001: Instantiating factory [af87ab1c-b8c5-41a7-b189-96aa09f9e3dd] with settings: {java.specification.version=22, sun.cpu.isalist=amd64, hibernate.resource.beans.container=org.springframework.orm.jpa.hibernate.SpringBeanContainer@2d788ebf, hibernate.connection.handling_mode=DELAYED_ACQUISITION_AND_HOLD, sun.jnu.encoding=Cp1252, hibernate.implicit_naming_strategy=org.springframework.boot.hibernate.SpringImplicitNamingStrategy, java.class.path=D:\SPRINGBOOT2026\QuizApp\target\classes;C:\Users\Ravikant Turi\.m2\repository\org\springframework\boot\spring-boot-starter-data-jpa\4.1.0\spring-boot-starter-data-jpa-4.1.0.jar;C:\Users\Ravikant Turi\.m2\repository\org\springframework\boot\spring-boot-starter\4.1.0\spring-boot-starter-4.1.0.jar;C:\Users\Ravikant Turi\.m2\repository\org\springframework\boot\spring-boot-starter-logging\4.1.0\spring-boot-starter-logging-4.1.0.jar;C:\Users\Ravikant Turi\.m2\repository\ch\qos\logback\logback-classic\1.5.34\logback-classic-1.5.34.jar;C:\Users\Ravikant Turi\.m2\repository\ch\qos\logback\logback-core\1.5.34\logback-core-1.5.34.jar;C:\Users\Ravikant Turi\.m2\repository\org\apache\logging\log4j\log4j-to-slf4j\2.25.4\log4j-to-slf4j-2.25.4.jar;C:\Users\Ravikant Turi\.m2\repository\org\apache\logging\log4j\log4j-api\2.25.4\log4j-api-2.25.4.jar;C:\Users\Ravikant Turi\.m2\repository\org\slf4j\jul-to-slf4j\2.0.18\jul-to-slf4j-2.0.18.jar;C:\Users\Ravikant Turi\.m2\repository\jakarta\annotation\jakarta.annotation-api\3.0.0\jakarta.annotation-api-3.0.0.jar;C:\Users\Ravikant Turi\.m2\repository\org\yaml\snakeyaml\2.6\snakeyaml-2.6.jar;C:\Users\Ravikant Turi\.m2\repository\org\springframework\boot\spring-boot-starter-jdbc\4.1.0\spring-boot-starter-jdbc-4.1.0.jar;C:\Users\Ravikant Turi\.m2\repository\com\zaxxer\HikariCP\7.0.2\HikariCP-7.0.2.jar;C:\Users\Ravikant Turi\.m2\repository\org\slf4j\slf4j-api\2.0.18\slf4j-api-2.0.18.jar;C:\Users\Ravikant Turi\.m2\repository\org\springframework\boot\spring-boot-data-jpa\4.1.0\spring-boot-data-jpa-4.1.0.jar;C:\Users\Ravikant Turi\.m2\repository\org\springframework\boot\spring-boot-data-commons\4.1.0\spring-boot-data-commons-4.1.0.jar;C:\Users\Ravikant Turi\.m2\repository\org\springframework\boot\spring-boot-persistence\4.1.0\spring-boot-persistence-4.1.0.jar;C:\Users\Ravikant Turi\.m2\repository\org\springframework\data\spring-data-commons\4.1.0\spring-data-commons-4.1.0.jar;C:\Users\Ravikant Turi\.m2\repository\org\springframework\boot\spring-boot-hibernate\4.1.0\spring-boot-hibernate-4.1.0.jar;C:\Users\Ravikant Turi\.m2\repository\org\springframework\boot\spring-boot-jpa\4.1.0\spring-boot-jpa-4.1.0.jar;C:\Users\Ravikant Turi\.m2\repository\jakarta\persistence\jakarta.persistence-api\3.2.0\jakarta.persistence-api-3.2.0.jar;C:\Users\Ravikant Turi\.m2\repository\org\hibernate\orm\hibernate-core\7.4.1.Final\hibernate-core-7.4.1.Final.jar;C:\Users\Ravikant Turi\.m2\repository\jakarta\transaction\jakarta.transaction-api\2.0.1\jakarta.transaction-api-2.0.1.jar;C:\Users\Ravikant Turi\.m2\repository\org\jboss\logging\jboss-logging\3.6.3.Final\jboss-logging-3.6.3.Final.jar;C:\Users\Ravikant Turi\.m2\repository\org\hibernate\models\hibernate-models\1.1.1\hibernate-models-1.1.1.jar;C:\Users\Ravikant Turi\.m2\repository\org\glassfish\jaxb\jaxb-runtime\4.0.9\jaxb-runtime-4.0.9.jar;C:\Users\Ravikant Turi\.m2\repository\org\glassfish\jaxb\jaxb-core\4.0.9\jaxb-core-4.0.9.jar;C:\Users\Ravikant Turi\.m2\repository\org\eclipse\angus\angus-activation\2.0.3\angus-activation-2.0.3.jar;C:\Users\Ravikant Turi\.m2\repository\org\glassfish\jaxb\txw2\4.0.9\txw2-4.0.9.jar;C:\Users\Ravikant Turi\.m2\repository\com\sun\istack\istack-commons-runtime\4.1.2\istack-commons-runtime-4.1.2.jar;C:\Users\Ravikant Turi\.m2\repository\jakarta\inject\jakarta.inject-api\2.0.1\jakarta.inject-api-2.0.1.jar;C:\Users\Ravikant Turi\.m2\repository\org\springframework\spring-orm\7.0.8\spring-orm-7.0.8.jar;C:\Users\Ravikant Turi\.m2\repository\org\springframework\data\spring-data-jpa\4.1.0\spring-data-jpa-4.1.0.jar;C:\Users\Ravikant Turi\.m2\repository\org\springframework\spring-aop\7.0.8\spring-aop-7.0.8.jar;C:\Users\Ravikant Turi\.m2\repository\org\springframework\spring-tx\7.0.8\spring-tx-7.0.8.jar;C:\Users\Ravikant Turi\.m2\repository\org\springframework\spring-beans\7.0.8\spring-beans-7.0.8.jar;C:\Users\Ravikant Turi\.m2\repository\org\antlr\antlr4-runtime\4.13.2\antlr4-runtime-4.13.2.jar;C:\Users\Ravikant Turi\.m2\repository\org\springframework\spring-aspects\7.0.8\spring-aspects-7.0.8.jar;C:\Users\Ravikant Turi\.m2\repository\org\aspectj\aspectjweaver\1.9.25.1\aspectjweaver-1.9.25.1.jar;C:\Users\Ravikant Turi\.m2\repository\org\springframework\boot\spring-boot-jdbc\4.1.0\spring-boot-jdbc-4.1.0.jar;C:\Users\Ravikant Turi\.m2\repository\org\springframework\boot\spring-boot-sql\4.1.0\spring-boot-sql-4.1.0.jar;C:\Users\Ravikant Turi\.m2\repository\org\springframework\boot\spring-boot-transaction\4.1.0\spring-boot-transaction-4.1.0.jar;C:\Users\Ravikant Turi\.m2\repository\org\springframework\spring-jdbc\7.0.8\spring-jdbc-7.0.8.jar;C:\Users\Ravikant Turi\.m2\repository\org\springframework\boot\spring-boot-starter-webmvc\4.1.0\spring-boot-starter-webmvc-4.1.0.jar;C:\Users\Ravikant Turi\.m2\repository\org\springframework\boot\spring-boot-starter-jackson\4.1.0\spring-boot-starter-jackson-4.1.0.jar;C:\Users\Ravikant Turi\.m2\repository\org\springframework\boot\spring-boot-jackson\4.1.0\spring-boot-jackson-4.1.0.jar;C:\Users\Ravikant Turi\.m2\repository\tools\jackson\core\jackson-databind\3.1.4\jackson-databind-3.1.4.jar;C:\Users\Ravikant Turi\.m2\repository\com\fasterxml\jackson\core\jackson-annotations\2.21\jackson-annotations-2.21.jar;C:\Users\Ravikant Turi\.m2\repository\tools\jackson\core\jackson-core\3.1.4\jackson-core-3.1.4.jar;C:\Users\Ravikant Turi\.m2\repository\org\springframework\boot\spring-boot-starter-tomcat\4.1.0\spring-boot-starter-tomcat-4.1.0.jar;C:\Users\Ravikant Turi\.m2\repository\org\springframework\boot\spring-boot-starter-tomcat-runtime\4.1.0\spring-boot-starter-tomcat-runtime-4.1.0.jar;C:\Users\Ravikant Turi\.m2\repository\org\apache\tomcat\embed\tomcat-embed-core\11.0.22\tomcat-embed-core-11.0.22.jar;C:\Users\Ravikant Turi\.m2\repository\org\apache\tomcat\embed\tomcat-embed-el\11.0.22\tomcat-embed-el-11.0.22.jar;C:\Users\Ravikant Turi\.m2\repository\org\apache\tomcat\embed\tomcat-embed-websocket\11.0.22\tomcat-embed-websocket-11.0.22.jar;C:\Users\Ravikant Turi\.m2\repository\org\springframework\boot\spring-boot-tomcat\4.1.0\spring-boot-tomcat-4.1.0.jar;C:\Users\Ravikant Turi\.m2\repository\org\springframework\boot\spring-boot-http-converter\4.1.0\spring-boot-http-converter-4.1.0.jar;C:\Users\Ravikant Turi\.m2\repository\org\springframework\spring-web\7.0.8\spring-web-7.0.8.jar;C:\Users\Ravikant Turi\.m2\repository\io\micrometer\micrometer-observation\1.17.0\micrometer-observation-1.17.0.jar;C:\Users\Ravikant Turi\.m2\repository\io\micrometer\micrometer-commons\1.17.0\micrometer-commons-1.17.0.jar;C:\Users\Ravikant Turi\.m2\repository\org\springframework\boot\spring-boot-webmvc\4.1.0\spring-boot-webmvc-4.1.0.jar;C:\Users\Ravikant Turi\.m2\repository\org\springframework\boot\spring-boot-servlet\4.1.0\spring-boot-servlet-4.1.0.jar;C:\Users\Ravikant Turi\.m2\repository\org\springframework\spring-webmvc\7.0.8\spring-webmvc-7.0.8.jar;C:\Users\Ravikant Turi\.m2\repository\org\springframework\spring-expression\7.0.8\spring-expression-7.0.8.jar;C:\Users\Ravikant Turi\.m2\repository\org\modelmapper\modelmapper\3.2.1\modelmapper-3.2.1.jar;C:\Users\Ravikant Turi\.m2\repository\org\springframework\boot\spring-boot-devtools\4.1.0\spring-boot-devtools-4.1.0.jar;C:\Users\Ravikant Turi\.m2\repository\org\springframework\boot\spring-boot\4.1.0\spring-boot-4.1.0.jar;C:\Users\Ravikant Turi\.m2\repository\org\springframework\spring-core\7.0.8\spring-core-7.0.8.jar;C:\Users\Ravikant Turi\.m2\repository\commons-logging\commons-logging\1.3.6\commons-logging-1.3.6.jar;C:\Users\Ravikant Turi\.m2\repository\org\jspecify\jspecify\1.0.0\jspecify-1.0.0.jar;C:\Users\Ravikant Turi\.m2\repository\org\springframework\spring-context\7.0.8\spring-context-7.0.8.jar;C:\Users\Ravikant Turi\.m2\repository\org\springframework\boot\spring-boot-autoconfigure\4.1.0\spring-boot-autoconfigure-4.1.0.jar;C:\Users\Ravikant Turi\.m2\repository\com\mysql\mysql-connector-j\9.7.0\mysql-connector-j-9.7.0.jar;C:\Users\Ravikant Turi\.m2\repository\org\projectlombok\lombok\1.18.46\lombok-1.18.46.jar;C:\Users\Ravikant Turi\.m2\repository\jakarta\xml\bind\jakarta.xml.bind-api\4.0.5\jakarta.xml.bind-api-4.0.5.jar;C:\Users\Ravikant Turi\.m2\repository\jakarta\activation\jakarta.activation-api\2.1.4\jakarta.activation-api-2.1.4.jar;C:\Users\Ravikant Turi\.m2\repository\net\bytebuddy\byte-buddy\1.18.10\byte-buddy-1.18.10.jar;C:\Users\Ravikant Turi\.m2\repository\org\springframework\boot\spring-boot-web-server\4.1.0\spring-boot-web-server-4.1.0.jar, java.vm.vendor=Oracle Corporation, sun.arch.data.model=64, user.variant=, java.vendor.url=https://java.oracle.com/, catalina.useNaming=false, user.timezone=Asia/Calcutta, jakarta.persistence.sharedCache.mode=UNSPECIFIED, org.jboss.logging.provider=slf4j, java.vm.specification.version=22, os.name=Windows 11, APPLICATION_NAME=QuizApp, jakarta.persistence.nonJtaDataSource=HikariDataSource (HikariPool-1), sun.java.launcher=SUN_STANDARD, user.country=IN, sun.boot.library.path=C:\Program Files\Java\jdk-22\bin, sun.java.command=com.java.quiz.QuizAppApplication, javax.persistence.nonJtaDataSource=HikariDataSource (HikariPool-1), jdk.debug=release, sun.cpu.endian=little, hibernate.cdi.extensions=true, user.home=C:\Users\Ravikant Turi, user.language=en, sun.stderr.encoding=UTF-8, java.specification.vendor=Oracle Corporation, java.version.date=2024-03-19, java.home=C:\Program Files\Java\jdk-22, file.separator=\, java.vm.compressedOopsMode=32-bit, sun.stdout.encoding=UTF-8, line.separator=
, hibernate.persistenceUnitName=default, java.vm.specification.vendor=Oracle Corporation, java.specification.name=Java Platform API Specification, FILE_LOG_CHARSET=UTF-8, hibernate.transaction.coordinator_class=class org.hibernate.resource.transaction.backend.jdbc.internal.JdbcResourceLocalTransactionCoordinatorBuilderImpl, java.awt.headless=true, jakarta.persistence.validation.mode=AUTO, hibernate.hbm2ddl.auto=update, user.script=, sun.management.compiler=HotSpot 64-Bit Tiered Compilers, java.runtime.version=22+36-2370, user.name=Ravikant Turi, stdout.encoding=UTF-8, path.separator=;, os.version=10.0, java.runtime.name=Java(TM) SE Runtime Environment, file.encoding=UTF-8, java.vm.name=Java HotSpot(TM) 64-Bit Server VM, hibernate.show_sql=true, LOG_FILE=application.log, java.vendor.url.bug=https://bugreport.java.com/bugreport/, java.io.tmpdir=C:\Users\RAVIKA~1\AppData\Local\Temp\, catalina.home=C:\Users\Ravikant Turi\AppData\Local\Temp\tomcat.8080.14125382328689121320, java.version=22, hibernate.physical_naming_strategy=org.hibernate.boot.model.naming.PhysicalNamingStrategySnakeCaseImpl, user.dir=D:\SPRINGBOOT2026\QuizApp, os.arch=amd64, java.vm.specification.name=Java Virtual Machine Specification, PID=10724, sun.os.patch.level=, CONSOLE_LOG_CHARSET=windows-1252, catalina.base=C:\Users\Ravikant Turi\AppData\Local\Temp\tomcat.8080.14125382328689121320, hibernate.boot.CfgXmlAccessService.key=org.hibernate.boot.registry.StandardServiceRegistryBuilder$1@70acfa27, native.encoding=Cp1252, java.library.path=C:\Program Files\Java\jdk-22\bin;C:\WINDOWS\Sun\Java\bin;C:\WINDOWS\system32;C:\WINDOWS;C:\Users\Ravikant Turi\AppData\Local\Programs\Python\Python312\Scripts\;C:\Users\Ravikant Turi\AppData\Local\Programs\Python\Python312\;C:\Program Files\Common Files\Oracle\Java\javapath;C:\windows\system32;C:\windows;C:\windows\System32\Wbem;C:\windows\System32\WindowsPowerShell\v1.0\;C:\windows\System32\OpenSSH\;C:\Program Files (x86)\NVIDIA Corporation\PhysX\Common;C:\Program Files\NVIDIA Corporation\NVIDIA NvDLISR;C:\WINDOWS\system32;C:\WINDOWS;C:\WINDOWS\System32\Wbem;C:\WINDOWS\System32\WindowsPowerShell\v1.0\;C:\WINDOWS\System32\OpenSSH\;C:\Program Files (x86)\Dev-Cpp\MinGW64\bin;C:\Program Files\Java\jdk-19\bin;C:\ProgramData\chocolatey\bin;C:\GRADLE\gradle-7.6.4\bin;C:\Program Files\Git\cmd;C:\apache-jmeter-5.6.3\bin;C:\Program Files\nodejs\;C:\Users\Ravikant Turi\anaconda3;C:\Users\Ravikant Turi\anaconda3\Library\mingw-w64\bin;C:\Users\Ravikant Turi\anaconda3\Library\usr\bin;C:\Users\Ravikant Turi\anaconda3\Library\bin;C:\Users\Ravikant Turi\anaconda3\Scripts;C:\Users\Ravikant Turi\anaconda3\anakonda\ravi;C:\Users\Ravikant Turi\anaconda3\anakonda\ravi\Library\mingw-w64\bin;C:\Users\Ravikant Turi\anaconda3\anakonda\ravi\Library\usr\bin;C:\Users\Ravikant Turi\anaconda3\anakonda\ravi\Library\bin;C:\Users\Ravikant Turi\anaconda3\anakonda\ravi\Scripts;C:\Users\Ravikant Turi\AppData\Local\Microsoft\WindowsApps;C:\Program Files\JetBrains\IntelliJ IDEA Community Edition 2023.3.4\bin;;C:\Program Files\MinGW\bin;C:\Program Files\JetBrains\IntelliJ IDEA 2023.3.4\bin;;C:\Program Files\Java\jdk-19\bin;C:\Program Files\Java\jdk-22\bin;C:\Users\Ravikant Turi\AppData\Local\Programs\mongosh\;C:\Users\Ravikant Turi\AppData\Local\Programs\Microsoft VS Code\bin;C:\Users\Ravikant Turi\AppData\Roaming\npm;C:\Users\Ravikant Turi\AppData\Local\GitHubDesktop\bin;., stderr.encoding=UTF-8, java.vendor=Oracle Corporation, java.vm.info=mixed mode, sharing, java.vm.version=22+36-2370, sun.io.unicode.encoding=UnicodeLittle, hibernate.archive.scanner=org.hibernate.boot.archive.scan.internal.DisabledScanner, hibernate.connection.datasource=HikariDataSource (HikariPool-1), java.class.version=66.0, LOGGED_APPLICATION_NAME=[QuizApp] }
2026-08-13T13:08:18.689+05:30 DEBUG 10724 --- [QuizApp] [restartedMain] org.hibernate.HQL_FUNCTIONS              : Available HQL Functions:
	abs(NUMERIC arg)
	Double acos(NUMERIC arg)
	adddate(DATE datetime, INTEGER days)
	addtime(TIME datetime, TIME time)
	Boolean any(BOOLEAN arg)
	Integer ascii(STRING arg)
	Double asin(NUMERIC arg)
	Double atan(NUMERIC arg)
	Double atan2(NUMERIC arg0, NUMERIC arg1)
	avg(arg)
	bit_and(arg)
	Integer bit_length(STRING_OR_CLOB arg)
	bit_or(arg)
	bitand(arg0, arg1)
	bitnot(arg)
	bitor(arg0, arg1)
	bitxor(arg0, arg1)
	cast(arg as Type)
	ceiling(NUMERIC arg)
	Object changesetid(arg)
	Character char(INTEGER arg)
	Integer character_length(STRING_OR_CLOB arg)
	Character chr(INTEGER arg)
	coalesce(arg0[, arg1[, ...]])
	String collate(STRING string as COLLATION collation)
	String concat(STRING string0[, STRING string1[, ...]])
	Double cos(NUMERIC arg)
	Double cosh(NUMERIC arg)
	Double cot(NUMERIC arg)
	Long count([distinct ]{arg|*})
	Integer crc32(arg)
	Double cume_dist([arg0[, ...]])
	Date curdate()
	Date current date
	Date current time
	Date current timestamp
	Date current_date
	Instant current_instant
	Date current_time
	Date current_timestamp
	Date curtime()
	Date date(arg)
	dateadd(TEMPORAL_UNIT field, INTEGER magnitude, TEMPORAL datetime)
	Integer datediff(DATE end, DATE start)
	Integer day(DATE arg)
	String dayname(DATE arg)
	Integer dayofmonth(DATE arg)
	Integer dayofweek(DATE arg)
	Integer dayofyear(DATE arg)
	Double degrees(NUMERIC arg)
	Long dense_rank([arg0[, ...]])
	Boolean every(BOOLEAN arg)
	Double exp(NUMERIC arg)
	extract(TEMPORAL_UNIT field from TEMPORAL arg)
	first_valueANY value
	floor(NUMERIC arg)
	String format(TEMPORAL datetime as STRING pattern)
	greatest(COMPARABLE arg0, COMPARABLE arg1[, arg2[, ...]])
	String hex(arg)
	Integer hour(TIME arg)
	ifnull(arg0, arg1)
	String insert(STRING string, INTEGER start, INTEGER length, STRING replacement)
	Instant instant
	Integer instr(STRING string, STRING pattern[, INTEGER start[, INTEGER occurrence]])
	String json_array([arg0[, ...]])
	String json_array_append(IMPLICIT_JSON arg0, STRING arg1, ANY arg2)
	String json_array_insert(IMPLICIT_JSON arg0, STRING arg1, ANY arg2)
	String json_arrayagg(arg0[, arg1])
	Boolean json_exists(IMPLICIT_JSON arg0, STRING arg1)
	String json_insert(IMPLICIT_JSON arg0, STRING arg1, ANY arg2)
	String json_mergepatch(IMPLICIT_JSON arg0, IMPLICIT_JSON arg1[, arg2[, ...]])
	String json_object( ... )
	String json_objectagg(arg0, arg1[, arg2, arg3])
	String json_query( ... )
	String json_remove(IMPLICIT_JSON arg0, STRING arg1)
	String json_replace(IMPLICIT_JSON arg0, STRING arg1, ANY arg2)
	String json_set(IMPLICIT_JSON arg0, STRING arg1, ANY arg2)
	json_value( ... )
	lagANY value[, INTEGER offset[, ANY default]]
	Date last_day(DATE arg)
	last_valueANY value
	leadANY value[, INTEGER offset[, ANY default]]
	least(COMPARABLE arg0, COMPARABLE arg1[, arg2[, ...]])
	String left(STRING string, INTEGER length)
	Integer length(STRING_OR_CLOB arg)
	String listagg(STRING arg0, STRING arg1)
	Double ln(NUMERIC arg)
	LocalDate local date
	LocalDateTime local datetime
	LocalTime local time
	LocalDate local_date
	LocalDateTime local_datetime
	LocalTime local_time
	Date localtime
	Date localtimestamp
	Integer locate(STRING pattern, STRING string[, INTEGER start])
	Double log(NUMERIC arg0[, NUMERIC arg1])
	Double log10(NUMERIC arg)
	Double log2(NUMERIC arg)
	String lower(STRING string)
	String lpad(string, length[, padding])
	String ltrim(STRING string[, STRING characters])
	Date makedate(INTEGER year, INTEGER dayofyear)
	Date maketime(INTEGER hour, INTEGER min, INTEGER sec)
	max(COMPARABLE arg)
	byte[] md5(arg)
	Integer microsecond(TIME arg)
	min(COMPARABLE arg)
	Integer minute(TIME arg)
	Integer mod(INTEGER arg0, INTEGER arg1)
	ModificationType modificationtype(arg)
	Integer month(DATE arg)
	String monthname(DATE arg)
	Date now()
	nth_valueANY value, INTEGER nth
	nullif(arg0, arg1)
	Integer octet_length(STRING_OR_CLOB arg)
	OffsetDateTime offset datetime
	OffsetDateTime offset_datetime
	Integer ordinal(ENUM arg)
	String overlay(STRING string placing STRING replacement from INTEGER start[ for INTEGER length])
	String pad(STRING string with INTEGER length {leading|trailing}[ STRING character])
	Double percent_rank([arg0[, ...]])
	Double pi
	Integer position(STRING pattern in STRING string)
	Double power(NUMERIC arg0, NUMERIC arg1)
	Integer quarter(DATE arg)
	Double radians(NUMERIC arg)
	Double rand([INTEGER seed])
	Long rank([arg0[, ...]])
	Boolean regexp_like(STRING arg0, STRING arg1[, STRING arg2])
	String repeat(STRING string, INTEGER times)
	String replace(STRING string, STRING pattern, STRING replacement)
	String reverse(STRING arg)
	String right(STRING string, INTEGER length)
	round(NUMERIC number[, INTEGER places])
	Long row_number()
	String rpad(string, length[, padding])
	String rtrim(STRING string[, STRING characters])
	Integer second(TIME arg)
	byte[] sha(arg)
	String sha1(arg)
	String sha2(arg0, arg1)
	Integer sign(NUMERIC arg)
	Double sin(NUMERIC arg)
	Double sinh(NUMERIC arg)
	String soundex(arg)
	String space(INTEGER arg)
	sql
	Double sqrt(NUMERIC arg)
	Double stddev(NUMERIC arg)
	Double stddev_pop(NUMERIC arg)
	Double stddev_samp(NUMERIC arg)
	String str(arg)
	String string(ENUM arg)
	subdate(DATE datetime, INTEGER days)
	String substr(STRING string, INTEGER start[, INTEGER length])
	String substring(STRING string{ from|,} INTEGER start[{ for|,} INTEGER length])
	subtime(TIME datetime, TIME time)
	sum(arg)
	Date sysdate()
	Double tan(NUMERIC arg)
	Double tanh(NUMERIC arg)
	String time(arg)
	Date timestamp(arg0[, arg1])
	timestampadd(TEMPORAL_UNIT field, INTEGER magnitude, TEMPORAL datetime)
	Long|Double timestampdiff(TEMPORAL_UNIT field, TEMPORAL start, TEMPORAL end)
	String trim([[{leading|trailing|both} ][STRING arg0 ]from] STRING arg1)
	trunc( ... )
	truncate( ... )
	String upper(STRING string)
	Date utc_date
	Date utc_time
	Date utc_timestamp
	Double var_pop(NUMERIC arg)
	Double var_samp(NUMERIC arg)
	Double variance(NUMERIC arg)
	Integer week(DATE arg)
	Integer year(DATE arg)

2026-08-13T13:08:18.989+05:30 DEBUG 10724 --- [QuizApp] [restartedMain] org.hibernate.orm.core                   : HHH000513: Unable to create the ReflectionOptimizer for [com.java.quiz.model.Question]: private accessor [category]
2026-08-13T13:08:19.143+05:30  INFO 10724 --- [QuizApp] [restartedMain] org.hibernate.orm.core                   : HHH000489: No JTA platform available (set 'hibernate.transaction.jta.platform' to enable JTA platform integration)
2026-08-13T13:08:19.149+05:30 DEBUG 10724 --- [QuizApp] [restartedMain] org.hibernate.orm.service                : HHH010454: EventListenerRegistry access via ServiceRegistry is deprecated - use 'sessionFactory.getEventEngine().getListenerRegistry()' instead
2026-08-13T13:08:19.194+05:30 DEBUG 10724 --- [QuizApp] [restartedMain] org.hibernate.mapping.Table              : No alter strings for table: question
2026-08-13T13:08:19.195+05:30 DEBUG 10724 --- [QuizApp] [restartedMain] org.hibernate.orm.factoryRegistry        : HHH020384: Registering SessionFactory [af87ab1c-b8c5-41a7-b189-96aa09f9e3dd] (default)
2026-08-13T13:08:19.195+05:30  INFO 10724 --- [QuizApp] [restartedMain] j.LocalContainerEntityManagerFactoryBean : Initialized JPA EntityManagerFactory for persistence unit 'default'
2026-08-13T13:08:19.279+05:30  INFO 10724 --- [QuizApp] [restartedMain] o.s.d.j.r.query.QueryEnhancerFactories   : Hibernate is in classpath; If applicable, HQL parser will be used.
2026-08-13T13:08:19.401+05:30  WARN 10724 --- [QuizApp] [restartedMain] JpaBaseConfiguration$JpaWebConfiguration : spring.jpa.open-in-view is enabled by default. Therefore, database queries may be performed during view rendering. Explicitly configure spring.jpa.open-in-view to disable this warning
2026-08-13T13:08:19.715+05:30  INFO 10724 --- [QuizApp] [restartedMain] o.s.boot.tomcat.TomcatWebServer          : Tomcat started on port 8080 (http) with context path '/'
2026-08-13T13:08:19.721+05:30  INFO 10724 --- [QuizApp] [restartedMain] com.java.quiz.QuizAppApplication         : Started QuizAppApplication in 4.764 seconds (process running for 5.311)
2026-08-13T13:10:26.503+05:30  INFO 10724 --- [QuizApp] [SpringApplicationShutdownHook] o.s.boot.tomcat.GracefulShutdown         : Commencing graceful shutdown. Waiting for active requests to complete
2026-08-13T13:10:26.558+05:30  INFO 10724 --- [QuizApp] [tomcat-shutdown] o.s.boot.tomcat.GracefulShutdown         : Graceful shutdown complete
2026-08-13T13:10:26.591+05:30  INFO 10724 --- [QuizApp] [SpringApplicationShutdownHook] j.LocalContainerEntityManagerFactoryBean : Closing JPA EntityManagerFactory for persistence unit 'default'
2026-08-13T13:10:26.598+05:30 DEBUG 10724 --- [QuizApp] [SpringApplicationShutdownHook] org.hibernate.orm.factory                : HHH90020005: Closing factory [af87ab1c-b8c5-41a7-b189-96aa09f9e3dd]
2026-08-13T13:10:26.628+05:30  INFO 10724 --- [QuizApp] [SpringApplicationShutdownHook] com.zaxxer.hikari.HikariDataSource       : HikariPool-1 - Shutdown initiated...
2026-08-13T13:10:26.670+05:30  INFO 10724 --- [QuizApp] [SpringApplicationShutdownHook] com.zaxxer.hikari.HikariDataSource       : HikariPool-1 - Shutdown completed.
2026-08-13T13:10:30.411+05:30  INFO 30684 --- [QuizApp] [restartedMain] com.java.quiz.QuizAppApplication         : Starting QuizAppApplication using Java 22 with PID 30684 (D:\SPRINGBOOT2026\QuizApp\target\classes started by Ravikant Turi in D:\SPRINGBOOT2026\QuizApp)
2026-08-13T13:10:30.414+05:30  INFO 30684 --- [QuizApp] [restartedMain] com.java.quiz.QuizAppApplication         : No active profile set, falling back to 1 default profile: "default"
2026-08-13T13:10:30.462+05:30  INFO 30684 --- [QuizApp] [restartedMain] .e.DevToolsPropertyDefaultsPostProcessor : Devtools property defaults active! Set 'spring.devtools.add-properties' to 'false' to disable
2026-08-13T13:10:30.462+05:30  INFO 30684 --- [QuizApp] [restartedMain] .e.DevToolsPropertyDefaultsPostProcessor : For additional web related logging consider setting the 'logging.level.web' property to 'DEBUG'
2026-08-13T13:10:31.105+05:30  INFO 30684 --- [QuizApp] [restartedMain] .s.d.r.c.RepositoryConfigurationDelegate : Bootstrapping Spring Data JPA repositories in DEFAULT mode.
2026-08-13T13:10:31.167+05:30  INFO 30684 --- [QuizApp] [restartedMain] .s.d.r.c.RepositoryConfigurationDelegate : Finished Spring Data repository scanning in 50 ms. Found 1 JPA repository interface.
2026-08-13T13:10:31.691+05:30  INFO 30684 --- [QuizApp] [restartedMain] o.s.boot.tomcat.TomcatWebServer          : Tomcat initialized with port 8080 (http)
2026-08-13T13:10:31.706+05:30  INFO 30684 --- [QuizApp] [restartedMain] o.apache.catalina.core.StandardService   : Starting service [Tomcat]
2026-08-13T13:10:31.706+05:30  INFO 30684 --- [QuizApp] [restartedMain] o.apache.catalina.core.StandardEngine    : Starting Servlet engine: [Apache Tomcat/11.0.22]
2026-08-13T13:10:31.756+05:30  INFO 30684 --- [QuizApp] [restartedMain] b.w.c.s.WebApplicationContextInitializer : Root WebApplicationContext: initialization completed in 1294 ms
2026-08-13T13:10:31.933+05:30 DEBUG 30684 --- [QuizApp] [restartedMain] org.hibernate.orm.jpa                    : HHH008541: PersistenceUnitInfo [
	name: default
	persistence provider classname: null
	classloader: org.springframework.boot.devtools.restart.classloader.RestartClassLoader@25825a95
	excludeUnlistedClasses: true
	JTA datasource: null
	Non JTA datasource: HikariDataSource (null)
	Transaction type: RESOURCE_LOCAL
	PU root URL: file:/D:/SPRINGBOOT2026/QuizApp/target/classes/
	Shared Cache Mode: UNSPECIFIED
	Validation Mode: AUTO
	Jar files URLs []
	Managed classes names [
		com.java.quiz.model.Question]
	Mapping files names []
	Properties []
2026-08-13T13:10:31.968+05:30 DEBUG 30684 --- [QuizApp] [restartedMain] org.hibernate.orm.service                : HHH010455: Adding integrator: org.hibernate.boot.beanvalidation.BeanValidationIntegrator
2026-08-13T13:10:31.970+05:30 DEBUG 30684 --- [QuizApp] [restartedMain] org.hibernate.orm.service                : HHH010455: Adding integrator: org.hibernate.cache.internal.CollectionCacheInvalidator
2026-08-13T13:10:32.001+05:30  INFO 30684 --- [QuizApp] [restartedMain] org.hibernate.orm.core                   : HHH000001: Hibernate ORM core version 7.4.1.Final
2026-08-13T13:10:32.003+05:30 DEBUG 30684 --- [QuizApp] [restartedMain] org.hibernate.orm.core                   : HHH000206: 'hibernate.properties' not found
2026-08-13T13:10:32.027+05:30 DEBUG 30684 --- [QuizApp] [restartedMain] org.hibernate.orm.cache                  : HHH90001031: Cannot default RegionFactory since no RegionFactory strategies were registered
2026-08-13T13:10:32.027+05:30 DEBUG 30684 --- [QuizApp] [restartedMain] org.hibernate.orm.cache                  : HHH90001029: Second-level cache disabled
2026-08-13T13:10:32.456+05:30  INFO 30684 --- [QuizApp] [restartedMain] o.s.o.j.p.SpringPersistenceUnitInfo      : No LoadTimeWeaver setup: ignoring JPA class transformer
2026-08-13T13:10:32.497+05:30  INFO 30684 --- [QuizApp] [restartedMain] com.zaxxer.hikari.HikariDataSource       : HikariPool-1 - Starting...
2026-08-13T13:10:32.881+05:30  INFO 30684 --- [QuizApp] [restartedMain] com.zaxxer.hikari.pool.HikariPool        : HikariPool-1 - Added connection com.mysql.cj.jdbc.ConnectionImpl@1e2d1fdf
2026-08-13T13:10:32.882+05:30  INFO 30684 --- [QuizApp] [restartedMain] com.zaxxer.hikari.HikariDataSource       : HikariPool-1 - Start completed.
2026-08-13T13:10:32.886+05:30 DEBUG 30684 --- [QuizApp] [restartedMain] org.hibernate.orm.jdbc                   : HHH100017: Database:
	name: MySQL
	version: 8.0.34
	major: 8
	minor: 0
2026-08-13T13:10:32.886+05:30 DEBUG 30684 --- [QuizApp] [restartedMain] org.hibernate.orm.jdbc                   : HHH100018: Driver:
	name: MySQL Connector/J
	version: mysql-connector-j-9.7.0 (Revision: 0aade1f13bcc98faf7dda5c02e782481eb291f62)
	major: 9
	minor: 7
	JDBC version: 4.2
2026-08-13T13:10:32.958+05:30 DEBUG 30684 --- [QuizApp] [restartedMain] org.hibernate.orm.dialect                : HHH035001: Using dialect: org.hibernate.dialect.MySQLDialect, version: 8.0.34
2026-08-13T13:10:32.962+05:30 DEBUG 30684 --- [QuizApp] [restartedMain] o.h.e.j.env.spi.IdentifierHelperBuilder  : IdentifierCaseStrategy for both quoted and unquoted identifiers was set to the same strategy [LOWER]; that will likely lead to problems in schema update and validation if using quoted identifiers
2026-08-13T13:10:32.971+05:30 DEBUG 30684 --- [QuizApp] [restartedMain] org.hibernate.orm.jdbc                   : HHH100122: Using default JDBC fetch size: 0
2026-08-13T13:10:32.978+05:30  INFO 30684 --- [QuizApp] [restartedMain] org.hibernate.orm.connections.pooling    : HHH10001005: Database info:
	Database JDBC URL [jdbc:mysql://localhost:3308/mydbs]
	Database driver: MySQL Connector/J
	Database dialect: MySQLDialect
	Database version: 8.0.34
	Default catalog/schema: mydbs/undefined
	Autocommit mode: undefined/unknown
	Isolation level: REPEATABLE_READ [default REPEATABLE_READ]
	JDBC fetch size: none
	Pool: DataSourceConnectionProvider
	Minimum pool size: undefined/unknown
	Maximum pool size: undefined/unknown
2026-08-13T13:10:33.242+05:30 DEBUG 30684 --- [QuizApp] [restartedMain] org.hibernate.orm.factory                : HHH90020001: Instantiating factory [c26a6804-8b45-4caf-b88b-f7bcaeb7c135] with settings: {java.specification.version=22, sun.cpu.isalist=amd64, hibernate.resource.beans.container=org.springframework.orm.jpa.hibernate.SpringBeanContainer@5ebb8b7e, hibernate.connection.handling_mode=DELAYED_ACQUISITION_AND_HOLD, sun.jnu.encoding=Cp1252, hibernate.implicit_naming_strategy=org.springframework.boot.hibernate.SpringImplicitNamingStrategy, java.class.path=D:\SPRINGBOOT2026\QuizApp\target\classes;C:\Users\Ravikant Turi\.m2\repository\org\springframework\boot\spring-boot-starter-data-jpa\4.1.0\spring-boot-starter-data-jpa-4.1.0.jar;C:\Users\Ravikant Turi\.m2\repository\org\springframework\boot\spring-boot-starter\4.1.0\spring-boot-starter-4.1.0.jar;C:\Users\Ravikant Turi\.m2\repository\org\springframework\boot\spring-boot-starter-logging\4.1.0\spring-boot-starter-logging-4.1.0.jar;C:\Users\Ravikant Turi\.m2\repository\ch\qos\logback\logback-classic\1.5.34\logback-classic-1.5.34.jar;C:\Users\Ravikant Turi\.m2\repository\ch\qos\logback\logback-core\1.5.34\logback-core-1.5.34.jar;C:\Users\Ravikant Turi\.m2\repository\org\apache\logging\log4j\log4j-to-slf4j\2.25.4\log4j-to-slf4j-2.25.4.jar;C:\Users\Ravikant Turi\.m2\repository\org\apache\logging\log4j\log4j-api\2.25.4\log4j-api-2.25.4.jar;C:\Users\Ravikant Turi\.m2\repository\org\slf4j\jul-to-slf4j\2.0.18\jul-to-slf4j-2.0.18.jar;C:\Users\Ravikant Turi\.m2\repository\jakarta\annotation\jakarta.annotation-api\3.0.0\jakarta.annotation-api-3.0.0.jar;C:\Users\Ravikant Turi\.m2\repository\org\yaml\snakeyaml\2.6\snakeyaml-2.6.jar;C:\Users\Ravikant Turi\.m2\repository\org\springframework\boot\spring-boot-starter-jdbc\4.1.0\spring-boot-starter-jdbc-4.1.0.jar;C:\Users\Ravikant Turi\.m2\repository\com\zaxxer\HikariCP\7.0.2\HikariCP-7.0.2.jar;C:\Users\Ravikant Turi\.m2\repository\org\slf4j\slf4j-api\2.0.18\slf4j-api-2.0.18.jar;C:\Users\Ravikant Turi\.m2\repository\org\springframework\boot\spring-boot-data-jpa\4.1.0\spring-boot-data-jpa-4.1.0.jar;C:\Users\Ravikant Turi\.m2\repository\org\springframework\boot\spring-boot-data-commons\4.1.0\spring-boot-data-commons-4.1.0.jar;C:\Users\Ravikant Turi\.m2\repository\org\springframework\boot\spring-boot-persistence\4.1.0\spring-boot-persistence-4.1.0.jar;C:\Users\Ravikant Turi\.m2\repository\org\springframework\data\spring-data-commons\4.1.0\spring-data-commons-4.1.0.jar;C:\Users\Ravikant Turi\.m2\repository\org\springframework\boot\spring-boot-hibernate\4.1.0\spring-boot-hibernate-4.1.0.jar;C:\Users\Ravikant Turi\.m2\repository\org\springframework\boot\spring-boot-jpa\4.1.0\spring-boot-jpa-4.1.0.jar;C:\Users\Ravikant Turi\.m2\repository\jakarta\persistence\jakarta.persistence-api\3.2.0\jakarta.persistence-api-3.2.0.jar;C:\Users\Ravikant Turi\.m2\repository\org\hibernate\orm\hibernate-core\7.4.1.Final\hibernate-core-7.4.1.Final.jar;C:\Users\Ravikant Turi\.m2\repository\jakarta\transaction\jakarta.transaction-api\2.0.1\jakarta.transaction-api-2.0.1.jar;C:\Users\Ravikant Turi\.m2\repository\org\jboss\logging\jboss-logging\3.6.3.Final\jboss-logging-3.6.3.Final.jar;C:\Users\Ravikant Turi\.m2\repository\org\hibernate\models\hibernate-models\1.1.1\hibernate-models-1.1.1.jar;C:\Users\Ravikant Turi\.m2\repository\org\glassfish\jaxb\jaxb-runtime\4.0.9\jaxb-runtime-4.0.9.jar;C:\Users\Ravikant Turi\.m2\repository\org\glassfish\jaxb\jaxb-core\4.0.9\jaxb-core-4.0.9.jar;C:\Users\Ravikant Turi\.m2\repository\org\eclipse\angus\angus-activation\2.0.3\angus-activation-2.0.3.jar;C:\Users\Ravikant Turi\.m2\repository\org\glassfish\jaxb\txw2\4.0.9\txw2-4.0.9.jar;C:\Users\Ravikant Turi\.m2\repository\com\sun\istack\istack-commons-runtime\4.1.2\istack-commons-runtime-4.1.2.jar;C:\Users\Ravikant Turi\.m2\repository\jakarta\inject\jakarta.inject-api\2.0.1\jakarta.inject-api-2.0.1.jar;C:\Users\Ravikant Turi\.m2\repository\org\springframework\spring-orm\7.0.8\spring-orm-7.0.8.jar;C:\Users\Ravikant Turi\.m2\repository\org\springframework\data\spring-data-jpa\4.1.0\spring-data-jpa-4.1.0.jar;C:\Users\Ravikant Turi\.m2\repository\org\springframework\spring-aop\7.0.8\spring-aop-7.0.8.jar;C:\Users\Ravikant Turi\.m2\repository\org\springframework\spring-tx\7.0.8\spring-tx-7.0.8.jar;C:\Users\Ravikant Turi\.m2\repository\org\springframework\spring-beans\7.0.8\spring-beans-7.0.8.jar;C:\Users\Ravikant Turi\.m2\repository\org\antlr\antlr4-runtime\4.13.2\antlr4-runtime-4.13.2.jar;C:\Users\Ravikant Turi\.m2\repository\org\springframework\spring-aspects\7.0.8\spring-aspects-7.0.8.jar;C:\Users\Ravikant Turi\.m2\repository\org\aspectj\aspectjweaver\1.9.25.1\aspectjweaver-1.9.25.1.jar;C:\Users\Ravikant Turi\.m2\repository\org\springframework\boot\spring-boot-jdbc\4.1.0\spring-boot-jdbc-4.1.0.jar;C:\Users\Ravikant Turi\.m2\repository\org\springframework\boot\spring-boot-sql\4.1.0\spring-boot-sql-4.1.0.jar;C:\Users\Ravikant Turi\.m2\repository\org\springframework\boot\spring-boot-transaction\4.1.0\spring-boot-transaction-4.1.0.jar;C:\Users\Ravikant Turi\.m2\repository\org\springframework\spring-jdbc\7.0.8\spring-jdbc-7.0.8.jar;C:\Users\Ravikant Turi\.m2\repository\org\springframework\boot\spring-boot-starter-webmvc\4.1.0\spring-boot-starter-webmvc-4.1.0.jar;C:\Users\Ravikant Turi\.m2\repository\org\springframework\boot\spring-boot-starter-jackson\4.1.0\spring-boot-starter-jackson-4.1.0.jar;C:\Users\Ravikant Turi\.m2\repository\org\springframework\boot\spring-boot-jackson\4.1.0\spring-boot-jackson-4.1.0.jar;C:\Users\Ravikant Turi\.m2\repository\tools\jackson\core\jackson-databind\3.1.4\jackson-databind-3.1.4.jar;C:\Users\Ravikant Turi\.m2\repository\com\fasterxml\jackson\core\jackson-annotations\2.21\jackson-annotations-2.21.jar;C:\Users\Ravikant Turi\.m2\repository\tools\jackson\core\jackson-core\3.1.4\jackson-core-3.1.4.jar;C:\Users\Ravikant Turi\.m2\repository\org\springframework\boot\spring-boot-starter-tomcat\4.1.0\spring-boot-starter-tomcat-4.1.0.jar;C:\Users\Ravikant Turi\.m2\repository\org\springframework\boot\spring-boot-starter-tomcat-runtime\4.1.0\spring-boot-starter-tomcat-runtime-4.1.0.jar;C:\Users\Ravikant Turi\.m2\repository\org\apache\tomcat\embed\tomcat-embed-core\11.0.22\tomcat-embed-core-11.0.22.jar;C:\Users\Ravikant Turi\.m2\repository\org\apache\tomcat\embed\tomcat-embed-el\11.0.22\tomcat-embed-el-11.0.22.jar;C:\Users\Ravikant Turi\.m2\repository\org\apache\tomcat\embed\tomcat-embed-websocket\11.0.22\tomcat-embed-websocket-11.0.22.jar;C:\Users\Ravikant Turi\.m2\repository\org\springframework\boot\spring-boot-tomcat\4.1.0\spring-boot-tomcat-4.1.0.jar;C:\Users\Ravikant Turi\.m2\repository\org\springframework\boot\spring-boot-http-converter\4.1.0\spring-boot-http-converter-4.1.0.jar;C:\Users\Ravikant Turi\.m2\repository\org\springframework\spring-web\7.0.8\spring-web-7.0.8.jar;C:\Users\Ravikant Turi\.m2\repository\io\micrometer\micrometer-observation\1.17.0\micrometer-observation-1.17.0.jar;C:\Users\Ravikant Turi\.m2\repository\io\micrometer\micrometer-commons\1.17.0\micrometer-commons-1.17.0.jar;C:\Users\Ravikant Turi\.m2\repository\org\springframework\boot\spring-boot-webmvc\4.1.0\spring-boot-webmvc-4.1.0.jar;C:\Users\Ravikant Turi\.m2\repository\org\springframework\boot\spring-boot-servlet\4.1.0\spring-boot-servlet-4.1.0.jar;C:\Users\Ravikant Turi\.m2\repository\org\springframework\spring-webmvc\7.0.8\spring-webmvc-7.0.8.jar;C:\Users\Ravikant Turi\.m2\repository\org\springframework\spring-expression\7.0.8\spring-expression-7.0.8.jar;C:\Users\Ravikant Turi\.m2\repository\org\modelmapper\modelmapper\3.2.1\modelmapper-3.2.1.jar;C:\Users\Ravikant Turi\.m2\repository\org\springframework\boot\spring-boot-devtools\4.1.0\spring-boot-devtools-4.1.0.jar;C:\Users\Ravikant Turi\.m2\repository\org\springframework\boot\spring-boot\4.1.0\spring-boot-4.1.0.jar;C:\Users\Ravikant Turi\.m2\repository\org\springframework\spring-core\7.0.8\spring-core-7.0.8.jar;C:\Users\Ravikant Turi\.m2\repository\commons-logging\commons-logging\1.3.6\commons-logging-1.3.6.jar;C:\Users\Ravikant Turi\.m2\repository\org\jspecify\jspecify\1.0.0\jspecify-1.0.0.jar;C:\Users\Ravikant Turi\.m2\repository\org\springframework\spring-context\7.0.8\spring-context-7.0.8.jar;C:\Users\Ravikant Turi\.m2\repository\org\springframework\boot\spring-boot-autoconfigure\4.1.0\spring-boot-autoconfigure-4.1.0.jar;C:\Users\Ravikant Turi\.m2\repository\com\mysql\mysql-connector-j\9.7.0\mysql-connector-j-9.7.0.jar;C:\Users\Ravikant Turi\.m2\repository\org\projectlombok\lombok\1.18.46\lombok-1.18.46.jar;C:\Users\Ravikant Turi\.m2\repository\jakarta\xml\bind\jakarta.xml.bind-api\4.0.5\jakarta.xml.bind-api-4.0.5.jar;C:\Users\Ravikant Turi\.m2\repository\jakarta\activation\jakarta.activation-api\2.1.4\jakarta.activation-api-2.1.4.jar;C:\Users\Ravikant Turi\.m2\repository\net\bytebuddy\byte-buddy\1.18.10\byte-buddy-1.18.10.jar;C:\Users\Ravikant Turi\.m2\repository\org\springframework\boot\spring-boot-web-server\4.1.0\spring-boot-web-server-4.1.0.jar, java.vm.vendor=Oracle Corporation, sun.arch.data.model=64, user.variant=, java.vendor.url=https://java.oracle.com/, catalina.useNaming=false, user.timezone=Asia/Calcutta, jakarta.persistence.sharedCache.mode=UNSPECIFIED, org.jboss.logging.provider=slf4j, java.vm.specification.version=22, os.name=Windows 11, APPLICATION_NAME=QuizApp, jakarta.persistence.nonJtaDataSource=HikariDataSource (HikariPool-1), sun.java.launcher=SUN_STANDARD, user.country=IN, sun.boot.library.path=C:\Program Files\Java\jdk-22\bin, sun.java.command=com.java.quiz.QuizAppApplication, javax.persistence.nonJtaDataSource=HikariDataSource (HikariPool-1), jdk.debug=release, sun.cpu.endian=little, hibernate.cdi.extensions=true, user.home=C:\Users\Ravikant Turi, user.language=en, sun.stderr.encoding=UTF-8, java.specification.vendor=Oracle Corporation, java.version.date=2024-03-19, java.home=C:\Program Files\Java\jdk-22, file.separator=\, java.vm.compressedOopsMode=32-bit, sun.stdout.encoding=UTF-8, line.separator=
, hibernate.persistenceUnitName=default, java.vm.specification.vendor=Oracle Corporation, java.specification.name=Java Platform API Specification, FILE_LOG_CHARSET=UTF-8, hibernate.transaction.coordinator_class=class org.hibernate.resource.transaction.backend.jdbc.internal.JdbcResourceLocalTransactionCoordinatorBuilderImpl, java.awt.headless=true, jakarta.persistence.validation.mode=AUTO, hibernate.hbm2ddl.auto=update, user.script=, sun.management.compiler=HotSpot 64-Bit Tiered Compilers, java.runtime.version=22+36-2370, user.name=Ravikant Turi, stdout.encoding=UTF-8, path.separator=;, os.version=10.0, java.runtime.name=Java(TM) SE Runtime Environment, file.encoding=UTF-8, java.vm.name=Java HotSpot(TM) 64-Bit Server VM, hibernate.show_sql=true, LOG_FILE=application.log, java.vendor.url.bug=https://bugreport.java.com/bugreport/, java.io.tmpdir=C:\Users\RAVIKA~1\AppData\Local\Temp\, catalina.home=C:\Users\Ravikant Turi\AppData\Local\Temp\tomcat.8080.17361823072205686352, java.version=22, hibernate.physical_naming_strategy=org.hibernate.boot.model.naming.PhysicalNamingStrategySnakeCaseImpl, user.dir=D:\SPRINGBOOT2026\QuizApp, os.arch=amd64, java.vm.specification.name=Java Virtual Machine Specification, PID=30684, sun.os.patch.level=, CONSOLE_LOG_CHARSET=windows-1252, catalina.base=C:\Users\Ravikant Turi\AppData\Local\Temp\tomcat.8080.17361823072205686352, hibernate.boot.CfgXmlAccessService.key=org.hibernate.boot.registry.StandardServiceRegistryBuilder$1@7fd59ed4, native.encoding=Cp1252, java.library.path=C:\Program Files\Java\jdk-22\bin;C:\WINDOWS\Sun\Java\bin;C:\WINDOWS\system32;C:\WINDOWS;C:\Users\Ravikant Turi\AppData\Local\Programs\Python\Python312\Scripts\;C:\Users\Ravikant Turi\AppData\Local\Programs\Python\Python312\;C:\Program Files\Common Files\Oracle\Java\javapath;C:\windows\system32;C:\windows;C:\windows\System32\Wbem;C:\windows\System32\WindowsPowerShell\v1.0\;C:\windows\System32\OpenSSH\;C:\Program Files (x86)\NVIDIA Corporation\PhysX\Common;C:\Program Files\NVIDIA Corporation\NVIDIA NvDLISR;C:\WINDOWS\system32;C:\WINDOWS;C:\WINDOWS\System32\Wbem;C:\WINDOWS\System32\WindowsPowerShell\v1.0\;C:\WINDOWS\System32\OpenSSH\;C:\Program Files (x86)\Dev-Cpp\MinGW64\bin;C:\Program Files\Java\jdk-19\bin;C:\ProgramData\chocolatey\bin;C:\GRADLE\gradle-7.6.4\bin;C:\Program Files\Git\cmd;C:\apache-jmeter-5.6.3\bin;C:\Program Files\nodejs\;C:\Users\Ravikant Turi\anaconda3;C:\Users\Ravikant Turi\anaconda3\Library\mingw-w64\bin;C:\Users\Ravikant Turi\anaconda3\Library\usr\bin;C:\Users\Ravikant Turi\anaconda3\Library\bin;C:\Users\Ravikant Turi\anaconda3\Scripts;C:\Users\Ravikant Turi\anaconda3\anakonda\ravi;C:\Users\Ravikant Turi\anaconda3\anakonda\ravi\Library\mingw-w64\bin;C:\Users\Ravikant Turi\anaconda3\anakonda\ravi\Library\usr\bin;C:\Users\Ravikant Turi\anaconda3\anakonda\ravi\Library\bin;C:\Users\Ravikant Turi\anaconda3\anakonda\ravi\Scripts;C:\Users\Ravikant Turi\AppData\Local\Microsoft\WindowsApps;C:\Program Files\JetBrains\IntelliJ IDEA Community Edition 2023.3.4\bin;;C:\Program Files\MinGW\bin;C:\Program Files\JetBrains\IntelliJ IDEA 2023.3.4\bin;;C:\Program Files\Java\jdk-19\bin;C:\Program Files\Java\jdk-22\bin;C:\Users\Ravikant Turi\AppData\Local\Programs\mongosh\;C:\Users\Ravikant Turi\AppData\Local\Programs\Microsoft VS Code\bin;C:\Users\Ravikant Turi\AppData\Roaming\npm;C:\Users\Ravikant Turi\AppData\Local\GitHubDesktop\bin;., stderr.encoding=UTF-8, java.vendor=Oracle Corporation, java.vm.info=mixed mode, sharing, java.vm.version=22+36-2370, sun.io.unicode.encoding=UnicodeLittle, hibernate.archive.scanner=org.hibernate.boot.archive.scan.internal.DisabledScanner, hibernate.connection.datasource=HikariDataSource (HikariPool-1), java.class.version=66.0, LOGGED_APPLICATION_NAME=[QuizApp] }
2026-08-13T13:10:33.334+05:30 DEBUG 30684 --- [QuizApp] [restartedMain] org.hibernate.HQL_FUNCTIONS              : Available HQL Functions:
	abs(NUMERIC arg)
	Double acos(NUMERIC arg)
	adddate(DATE datetime, INTEGER days)
	addtime(TIME datetime, TIME time)
	Boolean any(BOOLEAN arg)
	Integer ascii(STRING arg)
	Double asin(NUMERIC arg)
	Double atan(NUMERIC arg)
	Double atan2(NUMERIC arg0, NUMERIC arg1)
	avg(arg)
	bit_and(arg)
	Integer bit_length(STRING_OR_CLOB arg)
	bit_or(arg)
	bitand(arg0, arg1)
	bitnot(arg)
	bitor(arg0, arg1)
	bitxor(arg0, arg1)
	cast(arg as Type)
	ceiling(NUMERIC arg)
	Object changesetid(arg)
	Character char(INTEGER arg)
	Integer character_length(STRING_OR_CLOB arg)
	Character chr(INTEGER arg)
	coalesce(arg0[, arg1[, ...]])
	String collate(STRING string as COLLATION collation)
	String concat(STRING string0[, STRING string1[, ...]])
	Double cos(NUMERIC arg)
	Double cosh(NUMERIC arg)
	Double cot(NUMERIC arg)
	Long count([distinct ]{arg|*})
	Integer crc32(arg)
	Double cume_dist([arg0[, ...]])
	Date curdate()
	Date current date
	Date current time
	Date current timestamp
	Date current_date
	Instant current_instant
	Date current_time
	Date current_timestamp
	Date curtime()
	Date date(arg)
	dateadd(TEMPORAL_UNIT field, INTEGER magnitude, TEMPORAL datetime)
	Integer datediff(DATE end, DATE start)
	Integer day(DATE arg)
	String dayname(DATE arg)
	Integer dayofmonth(DATE arg)
	Integer dayofweek(DATE arg)
	Integer dayofyear(DATE arg)
	Double degrees(NUMERIC arg)
	Long dense_rank([arg0[, ...]])
	Boolean every(BOOLEAN arg)
	Double exp(NUMERIC arg)
	extract(TEMPORAL_UNIT field from TEMPORAL arg)
	first_valueANY value
	floor(NUMERIC arg)
	String format(TEMPORAL datetime as STRING pattern)
	greatest(COMPARABLE arg0, COMPARABLE arg1[, arg2[, ...]])
	String hex(arg)
	Integer hour(TIME arg)
	ifnull(arg0, arg1)
	String insert(STRING string, INTEGER start, INTEGER length, STRING replacement)
	Instant instant
	Integer instr(STRING string, STRING pattern[, INTEGER start[, INTEGER occurrence]])
	String json_array([arg0[, ...]])
	String json_array_append(IMPLICIT_JSON arg0, STRING arg1, ANY arg2)
	String json_array_insert(IMPLICIT_JSON arg0, STRING arg1, ANY arg2)
	String json_arrayagg(arg0[, arg1])
	Boolean json_exists(IMPLICIT_JSON arg0, STRING arg1)
	String json_insert(IMPLICIT_JSON arg0, STRING arg1, ANY arg2)
	String json_mergepatch(IMPLICIT_JSON arg0, IMPLICIT_JSON arg1[, arg2[, ...]])
	String json_object( ... )
	String json_objectagg(arg0, arg1[, arg2, arg3])
	String json_query( ... )
	String json_remove(IMPLICIT_JSON arg0, STRING arg1)
	String json_replace(IMPLICIT_JSON arg0, STRING arg1, ANY arg2)
	String json_set(IMPLICIT_JSON arg0, STRING arg1, ANY arg2)
	json_value( ... )
	lagANY value[, INTEGER offset[, ANY default]]
	Date last_day(DATE arg)
	last_valueANY value
	leadANY value[, INTEGER offset[, ANY default]]
	least(COMPARABLE arg0, COMPARABLE arg1[, arg2[, ...]])
	String left(STRING string, INTEGER length)
	Integer length(STRING_OR_CLOB arg)
	String listagg(STRING arg0, STRING arg1)
	Double ln(NUMERIC arg)
	LocalDate local date
	LocalDateTime local datetime
	LocalTime local time
	LocalDate local_date
	LocalDateTime local_datetime
	LocalTime local_time
	Date localtime
	Date localtimestamp
	Integer locate(STRING pattern, STRING string[, INTEGER start])
	Double log(NUMERIC arg0[, NUMERIC arg1])
	Double log10(NUMERIC arg)
	Double log2(NUMERIC arg)
	String lower(STRING string)
	String lpad(string, length[, padding])
	String ltrim(STRING string[, STRING characters])
	Date makedate(INTEGER year, INTEGER dayofyear)
	Date maketime(INTEGER hour, INTEGER min, INTEGER sec)
	max(COMPARABLE arg)
	byte[] md5(arg)
	Integer microsecond(TIME arg)
	min(COMPARABLE arg)
	Integer minute(TIME arg)
	Integer mod(INTEGER arg0, INTEGER arg1)
	ModificationType modificationtype(arg)
	Integer month(DATE arg)
	String monthname(DATE arg)
	Date now()
	nth_valueANY value, INTEGER nth
	nullif(arg0, arg1)
	Integer octet_length(STRING_OR_CLOB arg)
	OffsetDateTime offset datetime
	OffsetDateTime offset_datetime
	Integer ordinal(ENUM arg)
	String overlay(STRING string placing STRING replacement from INTEGER start[ for INTEGER length])
	String pad(STRING string with INTEGER length {leading|trailing}[ STRING character])
	Double percent_rank([arg0[, ...]])
	Double pi
	Integer position(STRING pattern in STRING string)
	Double power(NUMERIC arg0, NUMERIC arg1)
	Integer quarter(DATE arg)
	Double radians(NUMERIC arg)
	Double rand([INTEGER seed])
	Long rank([arg0[, ...]])
	Boolean regexp_like(STRING arg0, STRING arg1[, STRING arg2])
	String repeat(STRING string, INTEGER times)
	String replace(STRING string, STRING pattern, STRING replacement)
	String reverse(STRING arg)
	String right(STRING string, INTEGER length)
	round(NUMERIC number[, INTEGER places])
	Long row_number()
	String rpad(string, length[, padding])
	String rtrim(STRING string[, STRING characters])
	Integer second(TIME arg)
	byte[] sha(arg)
	String sha1(arg)
	String sha2(arg0, arg1)
	Integer sign(NUMERIC arg)
	Double sin(NUMERIC arg)
	Double sinh(NUMERIC arg)
	String soundex(arg)
	String space(INTEGER arg)
	sql
	Double sqrt(NUMERIC arg)
	Double stddev(NUMERIC arg)
	Double stddev_pop(NUMERIC arg)
	Double stddev_samp(NUMERIC arg)
	String str(arg)
	String string(ENUM arg)
	subdate(DATE datetime, INTEGER days)
	String substr(STRING string, INTEGER start[, INTEGER length])
	String substring(STRING string{ from|,} INTEGER start[{ for|,} INTEGER length])
	subtime(TIME datetime, TIME time)
	sum(arg)
	Date sysdate()
	Double tan(NUMERIC arg)
	Double tanh(NUMERIC arg)
	String time(arg)
	Date timestamp(arg0[, arg1])
	timestampadd(TEMPORAL_UNIT field, INTEGER magnitude, TEMPORAL datetime)
	Long|Double timestampdiff(TEMPORAL_UNIT field, TEMPORAL start, TEMPORAL end)
	String trim([[{leading|trailing|both} ][STRING arg0 ]from] STRING arg1)
	trunc( ... )
	truncate( ... )
	String upper(STRING string)
	Date utc_date
	Date utc_time
	Date utc_timestamp
	Double var_pop(NUMERIC arg)
	Double var_samp(NUMERIC arg)
	Double variance(NUMERIC arg)
	Integer week(DATE arg)
	Integer year(DATE arg)

2026-08-13T13:10:33.650+05:30 DEBUG 30684 --- [QuizApp] [restartedMain] org.hibernate.orm.core                   : HHH000513: Unable to create the ReflectionOptimizer for [com.java.quiz.model.Question]: private accessor [category]
2026-08-13T13:10:33.814+05:30  INFO 30684 --- [QuizApp] [restartedMain] org.hibernate.orm.core                   : HHH000489: No JTA platform available (set 'hibernate.transaction.jta.platform' to enable JTA platform integration)
2026-08-13T13:10:33.820+05:30 DEBUG 30684 --- [QuizApp] [restartedMain] org.hibernate.orm.service                : HHH010454: EventListenerRegistry access via ServiceRegistry is deprecated - use 'sessionFactory.getEventEngine().getListenerRegistry()' instead
2026-08-13T13:10:34.100+05:30 DEBUG 30684 --- [QuizApp] [restartedMain] org.hibernate.mapping.Table              : No alter strings for table: question
2026-08-13T13:10:34.102+05:30 DEBUG 30684 --- [QuizApp] [restartedMain] org.hibernate.orm.factoryRegistry        : HHH020384: Registering SessionFactory [c26a6804-8b45-4caf-b88b-f7bcaeb7c135] (default)
2026-08-13T13:10:34.102+05:30  INFO 30684 --- [QuizApp] [restartedMain] j.LocalContainerEntityManagerFactoryBean : Initialized JPA EntityManagerFactory for persistence unit 'default'
2026-08-13T13:10:34.175+05:30  INFO 30684 --- [QuizApp] [restartedMain] o.s.d.j.r.query.QueryEnhancerFactories   : Hibernate is in classpath; If applicable, HQL parser will be used.
2026-08-13T13:10:34.300+05:30  WARN 30684 --- [QuizApp] [restartedMain] JpaBaseConfiguration$JpaWebConfiguration : spring.jpa.open-in-view is enabled by default. Therefore, database queries may be performed during view rendering. Explicitly configure spring.jpa.open-in-view to disable this warning
2026-08-13T13:10:34.621+05:30  INFO 30684 --- [QuizApp] [restartedMain] o.s.boot.tomcat.TomcatWebServer          : Tomcat started on port 8080 (http) with context path '/'
2026-08-13T13:10:34.627+05:30  INFO 30684 --- [QuizApp] [restartedMain] com.java.quiz.QuizAppApplication         : Started QuizAppApplication in 4.763 seconds (process running for 5.346)
2026-08-13T13:10:39.711+05:30  INFO 30684 --- [QuizApp] [http-nio-8080-exec-1] o.a.c.c.C.[Tomcat].[localhost].[/]       : Initializing Spring DispatcherServlet 'dispatcherServlet'
2026-08-13T13:10:39.713+05:30  INFO 30684 --- [QuizApp] [http-nio-8080-exec-1] o.s.web.servlet.DispatcherServlet        : Initializing Servlet 'dispatcherServlet'
2026-08-13T13:10:39.714+05:30  INFO 30684 --- [QuizApp] [http-nio-8080-exec-1] o.s.web.servlet.DispatcherServlet        : Completed initialization in 1 ms
2026-08-13T13:10:39.739+05:30 DEBUG 30684 --- [QuizApp] [http-nio-8080-exec-1] org.hibernate.orm.core                   : HHH006588: Opening session [tenant=null]
2026-08-13T13:10:39.957+05:30 DEBUG 30684 --- [QuizApp] [http-nio-8080-exec-1] org.hibernate.session.metrics            : HHH000401: Logging session metrics:
	0 ns acquiring 0 JDBC connections
	0 ns releasing 0 JDBC connections
	0 ns preparing 0 JDBC statements
	0 ns executing 0 JDBC statements
	0 ns executing 0 JDBC batches
	0 ns performing 0 second-level cache puts
	0 ns performing 0 second-level cache hits
	0 ns performing 0 second-level cache misses
	0 ns executing 0 flushes (flushing a total of 0 entities and 0 collections)
	0 ns executing 0 pre-partial-flushes
	0 ns executing 0 partial-flushes (flushing a total of 0 entities and 0 collections)

2026-08-13T13:11:03.763+05:30 DEBUG 30684 --- [QuizApp] [http-nio-8080-exec-3] org.hibernate.orm.core                   : HHH006588: Opening session [tenant=null]
2026-08-13T13:11:03.765+05:30 DEBUG 30684 --- [QuizApp] [http-nio-8080-exec-3] org.hibernate.session.metrics            : HHH000401: Logging session metrics:
	0 ns acquiring 0 JDBC connections
	0 ns releasing 0 JDBC connections
	0 ns preparing 0 JDBC statements
	0 ns executing 0 JDBC statements
	0 ns executing 0 JDBC batches
	0 ns performing 0 second-level cache puts
	0 ns performing 0 second-level cache hits
	0 ns performing 0 second-level cache misses
	0 ns executing 0 flushes (flushing a total of 0 entities and 0 collections)
	0 ns executing 0 pre-partial-flushes
	0 ns executing 0 partial-flushes (flushing a total of 0 entities and 0 collections)

2026-08-13T13:11:14.677+05:30  INFO 30684 --- [QuizApp] [SpringApplicationShutdownHook] o.s.boot.tomcat.GracefulShutdown         : Commencing graceful shutdown. Waiting for active requests to complete
2026-08-13T13:11:14.693+05:30  INFO 30684 --- [QuizApp] [tomcat-shutdown] o.s.boot.tomcat.GracefulShutdown         : Graceful shutdown complete
2026-08-13T13:11:14.695+05:30  INFO 30684 --- [QuizApp] [SpringApplicationShutdownHook] j.LocalContainerEntityManagerFactoryBean : Closing JPA EntityManagerFactory for persistence unit 'default'
2026-08-13T13:11:14.695+05:30 DEBUG 30684 --- [QuizApp] [SpringApplicationShutdownHook] org.hibernate.orm.factory                : HHH90020005: Closing factory [c26a6804-8b45-4caf-b88b-f7bcaeb7c135]
2026-08-13T13:11:14.698+05:30  INFO 30684 --- [QuizApp] [SpringApplicationShutdownHook] com.zaxxer.hikari.HikariDataSource       : HikariPool-1 - Shutdown initiated...
2026-08-13T13:11:14.707+05:30  INFO 30684 --- [QuizApp] [SpringApplicationShutdownHook] com.zaxxer.hikari.HikariDataSource       : HikariPool-1 - Shutdown completed.
2026-08-13T13:11:18.540+05:30  INFO 28156 --- [QuizApp] [restartedMain] com.java.quiz.QuizAppApplication         : Starting QuizAppApplication using Java 22 with PID 28156 (D:\SPRINGBOOT2026\QuizApp\target\classes started by Ravikant Turi in D:\SPRINGBOOT2026\QuizApp)
2026-08-13T13:11:18.544+05:30  INFO 28156 --- [QuizApp] [restartedMain] com.java.quiz.QuizAppApplication         : No active profile set, falling back to 1 default profile: "default"
2026-08-13T13:11:18.597+05:30  INFO 28156 --- [QuizApp] [restartedMain] .e.DevToolsPropertyDefaultsPostProcessor : Devtools property defaults active! Set 'spring.devtools.add-properties' to 'false' to disable
2026-08-13T13:11:18.597+05:30  INFO 28156 --- [QuizApp] [restartedMain] .e.DevToolsPropertyDefaultsPostProcessor : For additional web related logging consider setting the 'logging.level.web' property to 'DEBUG'
2026-08-13T13:11:19.200+05:30  INFO 28156 --- [QuizApp] [restartedMain] .s.d.r.c.RepositoryConfigurationDelegate : Bootstrapping Spring Data JPA repositories in DEFAULT mode.
2026-08-13T13:11:19.262+05:30  INFO 28156 --- [QuizApp] [restartedMain] .s.d.r.c.RepositoryConfigurationDelegate : Finished Spring Data repository scanning in 51 ms. Found 1 JPA repository interface.
2026-08-13T13:11:19.776+05:30  INFO 28156 --- [QuizApp] [restartedMain] o.s.boot.tomcat.TomcatWebServer          : Tomcat initialized with port 8080 (http)
2026-08-13T13:11:19.791+05:30  INFO 28156 --- [QuizApp] [restartedMain] o.apache.catalina.core.StandardService   : Starting service [Tomcat]
2026-08-13T13:11:19.791+05:30  INFO 28156 --- [QuizApp] [restartedMain] o.apache.catalina.core.StandardEngine    : Starting Servlet engine: [Apache Tomcat/11.0.22]
2026-08-13T13:11:19.839+05:30  INFO 28156 --- [QuizApp] [restartedMain] b.w.c.s.WebApplicationContextInitializer : Root WebApplicationContext: initialization completed in 1241 ms
2026-08-13T13:11:20.023+05:30 DEBUG 28156 --- [QuizApp] [restartedMain] org.hibernate.orm.jpa                    : HHH008541: PersistenceUnitInfo [
	name: default
	persistence provider classname: null
	classloader: org.springframework.boot.devtools.restart.classloader.RestartClassLoader@78b1c8c8
	excludeUnlistedClasses: true
	JTA datasource: null
	Non JTA datasource: HikariDataSource (null)
	Transaction type: RESOURCE_LOCAL
	PU root URL: file:/D:/SPRINGBOOT2026/QuizApp/target/classes/
	Shared Cache Mode: UNSPECIFIED
	Validation Mode: AUTO
	Jar files URLs []
	Managed classes names [
		com.java.quiz.model.Question]
	Mapping files names []
	Properties []
2026-08-13T13:11:20.063+05:30 DEBUG 28156 --- [QuizApp] [restartedMain] org.hibernate.orm.service                : HHH010455: Adding integrator: org.hibernate.boot.beanvalidation.BeanValidationIntegrator
2026-08-13T13:11:20.065+05:30 DEBUG 28156 --- [QuizApp] [restartedMain] org.hibernate.orm.service                : HHH010455: Adding integrator: org.hibernate.cache.internal.CollectionCacheInvalidator
2026-08-13T13:11:20.092+05:30  INFO 28156 --- [QuizApp] [restartedMain] org.hibernate.orm.core                   : HHH000001: Hibernate ORM core version 7.4.1.Final
2026-08-13T13:11:20.095+05:30 DEBUG 28156 --- [QuizApp] [restartedMain] org.hibernate.orm.core                   : HHH000206: 'hibernate.properties' not found
2026-08-13T13:11:20.119+05:30 DEBUG 28156 --- [QuizApp] [restartedMain] org.hibernate.orm.cache                  : HHH90001031: Cannot default RegionFactory since no RegionFactory strategies were registered
2026-08-13T13:11:20.120+05:30 DEBUG 28156 --- [QuizApp] [restartedMain] org.hibernate.orm.cache                  : HHH90001029: Second-level cache disabled
2026-08-13T13:11:20.534+05:30  INFO 28156 --- [QuizApp] [restartedMain] o.s.o.j.p.SpringPersistenceUnitInfo      : No LoadTimeWeaver setup: ignoring JPA class transformer
2026-08-13T13:11:20.564+05:30  INFO 28156 --- [QuizApp] [restartedMain] com.zaxxer.hikari.HikariDataSource       : HikariPool-1 - Starting...
2026-08-13T13:11:20.936+05:30  INFO 28156 --- [QuizApp] [restartedMain] com.zaxxer.hikari.pool.HikariPool        : HikariPool-1 - Added connection com.mysql.cj.jdbc.ConnectionImpl@6b925399
2026-08-13T13:11:20.938+05:30  INFO 28156 --- [QuizApp] [restartedMain] com.zaxxer.hikari.HikariDataSource       : HikariPool-1 - Start completed.
2026-08-13T13:11:20.942+05:30 DEBUG 28156 --- [QuizApp] [restartedMain] org.hibernate.orm.jdbc                   : HHH100017: Database:
	name: MySQL
	version: 8.0.34
	major: 8
	minor: 0
2026-08-13T13:11:20.942+05:30 DEBUG 28156 --- [QuizApp] [restartedMain] org.hibernate.orm.jdbc                   : HHH100018: Driver:
	name: MySQL Connector/J
	version: mysql-connector-j-9.7.0 (Revision: 0aade1f13bcc98faf7dda5c02e782481eb291f62)
	major: 9
	minor: 7
	JDBC version: 4.2
2026-08-13T13:11:20.999+05:30 DEBUG 28156 --- [QuizApp] [restartedMain] org.hibernate.orm.dialect                : HHH035001: Using dialect: org.hibernate.dialect.MySQLDialect, version: 8.0.34
2026-08-13T13:11:21.003+05:30 DEBUG 28156 --- [QuizApp] [restartedMain] o.h.e.j.env.spi.IdentifierHelperBuilder  : IdentifierCaseStrategy for both quoted and unquoted identifiers was set to the same strategy [LOWER]; that will likely lead to problems in schema update and validation if using quoted identifiers
2026-08-13T13:11:21.012+05:30 DEBUG 28156 --- [QuizApp] [restartedMain] org.hibernate.orm.jdbc                   : HHH100122: Using default JDBC fetch size: 0
2026-08-13T13:11:21.019+05:30  INFO 28156 --- [QuizApp] [restartedMain] org.hibernate.orm.connections.pooling    : HHH10001005: Database info:
	Database JDBC URL [jdbc:mysql://localhost:3308/mydbs]
	Database driver: MySQL Connector/J
	Database dialect: MySQLDialect
	Database version: 8.0.34
	Default catalog/schema: mydbs/undefined
	Autocommit mode: undefined/unknown
	Isolation level: REPEATABLE_READ [default REPEATABLE_READ]
	JDBC fetch size: none
	Pool: DataSourceConnectionProvider
	Minimum pool size: undefined/unknown
	Maximum pool size: undefined/unknown
2026-08-13T13:11:21.297+05:30 DEBUG 28156 --- [QuizApp] [restartedMain] org.hibernate.orm.factory                : HHH90020001: Instantiating factory [60ea8342-1cc6-498e-8eab-99b97e81998e] with settings: {java.specification.version=22, sun.cpu.isalist=amd64, hibernate.resource.beans.container=org.springframework.orm.jpa.hibernate.SpringBeanContainer@2d788ebf, hibernate.connection.handling_mode=DELAYED_ACQUISITION_AND_HOLD, sun.jnu.encoding=Cp1252, hibernate.implicit_naming_strategy=org.springframework.boot.hibernate.SpringImplicitNamingStrategy, java.class.path=D:\SPRINGBOOT2026\QuizApp\target\classes;C:\Users\Ravikant Turi\.m2\repository\org\springframework\boot\spring-boot-starter-data-jpa\4.1.0\spring-boot-starter-data-jpa-4.1.0.jar;C:\Users\Ravikant Turi\.m2\repository\org\springframework\boot\spring-boot-starter\4.1.0\spring-boot-starter-4.1.0.jar;C:\Users\Ravikant Turi\.m2\repository\org\springframework\boot\spring-boot-starter-logging\4.1.0\spring-boot-starter-logging-4.1.0.jar;C:\Users\Ravikant Turi\.m2\repository\ch\qos\logback\logback-classic\1.5.34\logback-classic-1.5.34.jar;C:\Users\Ravikant Turi\.m2\repository\ch\qos\logback\logback-core\1.5.34\logback-core-1.5.34.jar;C:\Users\Ravikant Turi\.m2\repository\org\apache\logging\log4j\log4j-to-slf4j\2.25.4\log4j-to-slf4j-2.25.4.jar;C:\Users\Ravikant Turi\.m2\repository\org\apache\logging\log4j\log4j-api\2.25.4\log4j-api-2.25.4.jar;C:\Users\Ravikant Turi\.m2\repository\org\slf4j\jul-to-slf4j\2.0.18\jul-to-slf4j-2.0.18.jar;C:\Users\Ravikant Turi\.m2\repository\jakarta\annotation\jakarta.annotation-api\3.0.0\jakarta.annotation-api-3.0.0.jar;C:\Users\Ravikant Turi\.m2\repository\org\yaml\snakeyaml\2.6\snakeyaml-2.6.jar;C:\Users\Ravikant Turi\.m2\repository\org\springframework\boot\spring-boot-starter-jdbc\4.1.0\spring-boot-starter-jdbc-4.1.0.jar;C:\Users\Ravikant Turi\.m2\repository\com\zaxxer\HikariCP\7.0.2\HikariCP-7.0.2.jar;C:\Users\Ravikant Turi\.m2\repository\org\slf4j\slf4j-api\2.0.18\slf4j-api-2.0.18.jar;C:\Users\Ravikant Turi\.m2\repository\org\springframework\boot\spring-boot-data-jpa\4.1.0\spring-boot-data-jpa-4.1.0.jar;C:\Users\Ravikant Turi\.m2\repository\org\springframework\boot\spring-boot-data-commons\4.1.0\spring-boot-data-commons-4.1.0.jar;C:\Users\Ravikant Turi\.m2\repository\org\springframework\boot\spring-boot-persistence\4.1.0\spring-boot-persistence-4.1.0.jar;C:\Users\Ravikant Turi\.m2\repository\org\springframework\data\spring-data-commons\4.1.0\spring-data-commons-4.1.0.jar;C:\Users\Ravikant Turi\.m2\repository\org\springframework\boot\spring-boot-hibernate\4.1.0\spring-boot-hibernate-4.1.0.jar;C:\Users\Ravikant Turi\.m2\repository\org\springframework\boot\spring-boot-jpa\4.1.0\spring-boot-jpa-4.1.0.jar;C:\Users\Ravikant Turi\.m2\repository\jakarta\persistence\jakarta.persistence-api\3.2.0\jakarta.persistence-api-3.2.0.jar;C:\Users\Ravikant Turi\.m2\repository\org\hibernate\orm\hibernate-core\7.4.1.Final\hibernate-core-7.4.1.Final.jar;C:\Users\Ravikant Turi\.m2\repository\jakarta\transaction\jakarta.transaction-api\2.0.1\jakarta.transaction-api-2.0.1.jar;C:\Users\Ravikant Turi\.m2\repository\org\jboss\logging\jboss-logging\3.6.3.Final\jboss-logging-3.6.3.Final.jar;C:\Users\Ravikant Turi\.m2\repository\org\hibernate\models\hibernate-models\1.1.1\hibernate-models-1.1.1.jar;C:\Users\Ravikant Turi\.m2\repository\org\glassfish\jaxb\jaxb-runtime\4.0.9\jaxb-runtime-4.0.9.jar;C:\Users\Ravikant Turi\.m2\repository\org\glassfish\jaxb\jaxb-core\4.0.9\jaxb-core-4.0.9.jar;C:\Users\Ravikant Turi\.m2\repository\org\eclipse\angus\angus-activation\2.0.3\angus-activation-2.0.3.jar;C:\Users\Ravikant Turi\.m2\repository\org\glassfish\jaxb\txw2\4.0.9\txw2-4.0.9.jar;C:\Users\Ravikant Turi\.m2\repository\com\sun\istack\istack-commons-runtime\4.1.2\istack-commons-runtime-4.1.2.jar;C:\Users\Ravikant Turi\.m2\repository\jakarta\inject\jakarta.inject-api\2.0.1\jakarta.inject-api-2.0.1.jar;C:\Users\Ravikant Turi\.m2\repository\org\springframework\spring-orm\7.0.8\spring-orm-7.0.8.jar;C:\Users\Ravikant Turi\.m2\repository\org\springframework\data\spring-data-jpa\4.1.0\spring-data-jpa-4.1.0.jar;C:\Users\Ravikant Turi\.m2\repository\org\springframework\spring-aop\7.0.8\spring-aop-7.0.8.jar;C:\Users\Ravikant Turi\.m2\repository\org\springframework\spring-tx\7.0.8\spring-tx-7.0.8.jar;C:\Users\Ravikant Turi\.m2\repository\org\springframework\spring-beans\7.0.8\spring-beans-7.0.8.jar;C:\Users\Ravikant Turi\.m2\repository\org\antlr\antlr4-runtime\4.13.2\antlr4-runtime-4.13.2.jar;C:\Users\Ravikant Turi\.m2\repository\org\springframework\spring-aspects\7.0.8\spring-aspects-7.0.8.jar;C:\Users\Ravikant Turi\.m2\repository\org\aspectj\aspectjweaver\1.9.25.1\aspectjweaver-1.9.25.1.jar;C:\Users\Ravikant Turi\.m2\repository\org\springframework\boot\spring-boot-jdbc\4.1.0\spring-boot-jdbc-4.1.0.jar;C:\Users\Ravikant Turi\.m2\repository\org\springframework\boot\spring-boot-sql\4.1.0\spring-boot-sql-4.1.0.jar;C:\Users\Ravikant Turi\.m2\repository\org\springframework\boot\spring-boot-transaction\4.1.0\spring-boot-transaction-4.1.0.jar;C:\Users\Ravikant Turi\.m2\repository\org\springframework\spring-jdbc\7.0.8\spring-jdbc-7.0.8.jar;C:\Users\Ravikant Turi\.m2\repository\org\springframework\boot\spring-boot-starter-webmvc\4.1.0\spring-boot-starter-webmvc-4.1.0.jar;C:\Users\Ravikant Turi\.m2\repository\org\springframework\boot\spring-boot-starter-jackson\4.1.0\spring-boot-starter-jackson-4.1.0.jar;C:\Users\Ravikant Turi\.m2\repository\org\springframework\boot\spring-boot-jackson\4.1.0\spring-boot-jackson-4.1.0.jar;C:\Users\Ravikant Turi\.m2\repository\tools\jackson\core\jackson-databind\3.1.4\jackson-databind-3.1.4.jar;C:\Users\Ravikant Turi\.m2\repository\com\fasterxml\jackson\core\jackson-annotations\2.21\jackson-annotations-2.21.jar;C:\Users\Ravikant Turi\.m2\repository\tools\jackson\core\jackson-core\3.1.4\jackson-core-3.1.4.jar;C:\Users\Ravikant Turi\.m2\repository\org\springframework\boot\spring-boot-starter-tomcat\4.1.0\spring-boot-starter-tomcat-4.1.0.jar;C:\Users\Ravikant Turi\.m2\repository\org\springframework\boot\spring-boot-starter-tomcat-runtime\4.1.0\spring-boot-starter-tomcat-runtime-4.1.0.jar;C:\Users\Ravikant Turi\.m2\repository\org\apache\tomcat\embed\tomcat-embed-core\11.0.22\tomcat-embed-core-11.0.22.jar;C:\Users\Ravikant Turi\.m2\repository\org\apache\tomcat\embed\tomcat-embed-el\11.0.22\tomcat-embed-el-11.0.22.jar;C:\Users\Ravikant Turi\.m2\repository\org\apache\tomcat\embed\tomcat-embed-websocket\11.0.22\tomcat-embed-websocket-11.0.22.jar;C:\Users\Ravikant Turi\.m2\repository\org\springframework\boot\spring-boot-tomcat\4.1.0\spring-boot-tomcat-4.1.0.jar;C:\Users\Ravikant Turi\.m2\repository\org\springframework\boot\spring-boot-http-converter\4.1.0\spring-boot-http-converter-4.1.0.jar;C:\Users\Ravikant Turi\.m2\repository\org\springframework\spring-web\7.0.8\spring-web-7.0.8.jar;C:\Users\Ravikant Turi\.m2\repository\io\micrometer\micrometer-observation\1.17.0\micrometer-observation-1.17.0.jar;C:\Users\Ravikant Turi\.m2\repository\io\micrometer\micrometer-commons\1.17.0\micrometer-commons-1.17.0.jar;C:\Users\Ravikant Turi\.m2\repository\org\springframework\boot\spring-boot-webmvc\4.1.0\spring-boot-webmvc-4.1.0.jar;C:\Users\Ravikant Turi\.m2\repository\org\springframework\boot\spring-boot-servlet\4.1.0\spring-boot-servlet-4.1.0.jar;C:\Users\Ravikant Turi\.m2\repository\org\springframework\spring-webmvc\7.0.8\spring-webmvc-7.0.8.jar;C:\Users\Ravikant Turi\.m2\repository\org\springframework\spring-expression\7.0.8\spring-expression-7.0.8.jar;C:\Users\Ravikant Turi\.m2\repository\org\modelmapper\modelmapper\3.2.1\modelmapper-3.2.1.jar;C:\Users\Ravikant Turi\.m2\repository\org\springframework\boot\spring-boot-devtools\4.1.0\spring-boot-devtools-4.1.0.jar;C:\Users\Ravikant Turi\.m2\repository\org\springframework\boot\spring-boot\4.1.0\spring-boot-4.1.0.jar;C:\Users\Ravikant Turi\.m2\repository\org\springframework\spring-core\7.0.8\spring-core-7.0.8.jar;C:\Users\Ravikant Turi\.m2\repository\commons-logging\commons-logging\1.3.6\commons-logging-1.3.6.jar;C:\Users\Ravikant Turi\.m2\repository\org\jspecify\jspecify\1.0.0\jspecify-1.0.0.jar;C:\Users\Ravikant Turi\.m2\repository\org\springframework\spring-context\7.0.8\spring-context-7.0.8.jar;C:\Users\Ravikant Turi\.m2\repository\org\springframework\boot\spring-boot-autoconfigure\4.1.0\spring-boot-autoconfigure-4.1.0.jar;C:\Users\Ravikant Turi\.m2\repository\com\mysql\mysql-connector-j\9.7.0\mysql-connector-j-9.7.0.jar;C:\Users\Ravikant Turi\.m2\repository\org\projectlombok\lombok\1.18.46\lombok-1.18.46.jar;C:\Users\Ravikant Turi\.m2\repository\jakarta\xml\bind\jakarta.xml.bind-api\4.0.5\jakarta.xml.bind-api-4.0.5.jar;C:\Users\Ravikant Turi\.m2\repository\jakarta\activation\jakarta.activation-api\2.1.4\jakarta.activation-api-2.1.4.jar;C:\Users\Ravikant Turi\.m2\repository\net\bytebuddy\byte-buddy\1.18.10\byte-buddy-1.18.10.jar;C:\Users\Ravikant Turi\.m2\repository\org\springframework\boot\spring-boot-web-server\4.1.0\spring-boot-web-server-4.1.0.jar, java.vm.vendor=Oracle Corporation, sun.arch.data.model=64, user.variant=, java.vendor.url=https://java.oracle.com/, catalina.useNaming=false, user.timezone=Asia/Calcutta, jakarta.persistence.sharedCache.mode=UNSPECIFIED, org.jboss.logging.provider=slf4j, java.vm.specification.version=22, os.name=Windows 11, APPLICATION_NAME=QuizApp, jakarta.persistence.nonJtaDataSource=HikariDataSource (HikariPool-1), sun.java.launcher=SUN_STANDARD, user.country=IN, sun.boot.library.path=C:\Program Files\Java\jdk-22\bin, sun.java.command=com.java.quiz.QuizAppApplication, javax.persistence.nonJtaDataSource=HikariDataSource (HikariPool-1), jdk.debug=release, sun.cpu.endian=little, hibernate.cdi.extensions=true, user.home=C:\Users\Ravikant Turi, user.language=en, sun.stderr.encoding=UTF-8, java.specification.vendor=Oracle Corporation, java.version.date=2024-03-19, java.home=C:\Program Files\Java\jdk-22, file.separator=\, java.vm.compressedOopsMode=32-bit, sun.stdout.encoding=UTF-8, line.separator=
, hibernate.persistenceUnitName=default, java.vm.specification.vendor=Oracle Corporation, java.specification.name=Java Platform API Specification, FILE_LOG_CHARSET=UTF-8, hibernate.transaction.coordinator_class=class org.hibernate.resource.transaction.backend.jdbc.internal.JdbcResourceLocalTransactionCoordinatorBuilderImpl, java.awt.headless=true, jakarta.persistence.validation.mode=AUTO, hibernate.hbm2ddl.auto=update, user.script=, sun.management.compiler=HotSpot 64-Bit Tiered Compilers, java.runtime.version=22+36-2370, user.name=Ravikant Turi, stdout.encoding=UTF-8, path.separator=;, os.version=10.0, java.runtime.name=Java(TM) SE Runtime Environment, file.encoding=UTF-8, java.vm.name=Java HotSpot(TM) 64-Bit Server VM, hibernate.show_sql=true, LOG_FILE=application.log, java.vendor.url.bug=https://bugreport.java.com/bugreport/, java.io.tmpdir=C:\Users\RAVIKA~1\AppData\Local\Temp\, catalina.home=C:\Users\Ravikant Turi\AppData\Local\Temp\tomcat.8080.16769831837227812195, java.version=22, hibernate.physical_naming_strategy=org.hibernate.boot.model.naming.PhysicalNamingStrategySnakeCaseImpl, user.dir=D:\SPRINGBOOT2026\QuizApp, os.arch=amd64, java.vm.specification.name=Java Virtual Machine Specification, PID=28156, sun.os.patch.level=, CONSOLE_LOG_CHARSET=windows-1252, catalina.base=C:\Users\Ravikant Turi\AppData\Local\Temp\tomcat.8080.16769831837227812195, hibernate.boot.CfgXmlAccessService.key=org.hibernate.boot.registry.StandardServiceRegistryBuilder$1@70acfa27, native.encoding=Cp1252, java.library.path=C:\Program Files\Java\jdk-22\bin;C:\WINDOWS\Sun\Java\bin;C:\WINDOWS\system32;C:\WINDOWS;C:\Users\Ravikant Turi\AppData\Local\Programs\Python\Python312\Scripts\;C:\Users\Ravikant Turi\AppData\Local\Programs\Python\Python312\;C:\Program Files\Common Files\Oracle\Java\javapath;C:\windows\system32;C:\windows;C:\windows\System32\Wbem;C:\windows\System32\WindowsPowerShell\v1.0\;C:\windows\System32\OpenSSH\;C:\Program Files (x86)\NVIDIA Corporation\PhysX\Common;C:\Program Files\NVIDIA Corporation\NVIDIA NvDLISR;C:\WINDOWS\system32;C:\WINDOWS;C:\WINDOWS\System32\Wbem;C:\WINDOWS\System32\WindowsPowerShell\v1.0\;C:\WINDOWS\System32\OpenSSH\;C:\Program Files (x86)\Dev-Cpp\MinGW64\bin;C:\Program Files\Java\jdk-19\bin;C:\ProgramData\chocolatey\bin;C:\GRADLE\gradle-7.6.4\bin;C:\Program Files\Git\cmd;C:\apache-jmeter-5.6.3\bin;C:\Program Files\nodejs\;C:\Users\Ravikant Turi\anaconda3;C:\Users\Ravikant Turi\anaconda3\Library\mingw-w64\bin;C:\Users\Ravikant Turi\anaconda3\Library\usr\bin;C:\Users\Ravikant Turi\anaconda3\Library\bin;C:\Users\Ravikant Turi\anaconda3\Scripts;C:\Users\Ravikant Turi\anaconda3\anakonda\ravi;C:\Users\Ravikant Turi\anaconda3\anakonda\ravi\Library\mingw-w64\bin;C:\Users\Ravikant Turi\anaconda3\anakonda\ravi\Library\usr\bin;C:\Users\Ravikant Turi\anaconda3\anakonda\ravi\Library\bin;C:\Users\Ravikant Turi\anaconda3\anakonda\ravi\Scripts;C:\Users\Ravikant Turi\AppData\Local\Microsoft\WindowsApps;C:\Program Files\JetBrains\IntelliJ IDEA Community Edition 2023.3.4\bin;;C:\Program Files\MinGW\bin;C:\Program Files\JetBrains\IntelliJ IDEA 2023.3.4\bin;;C:\Program Files\Java\jdk-19\bin;C:\Program Files\Java\jdk-22\bin;C:\Users\Ravikant Turi\AppData\Local\Programs\mongosh\;C:\Users\Ravikant Turi\AppData\Local\Programs\Microsoft VS Code\bin;C:\Users\Ravikant Turi\AppData\Roaming\npm;C:\Users\Ravikant Turi\AppData\Local\GitHubDesktop\bin;., stderr.encoding=UTF-8, java.vendor=Oracle Corporation, java.vm.info=mixed mode, sharing, java.vm.version=22+36-2370, sun.io.unicode.encoding=UnicodeLittle, hibernate.archive.scanner=org.hibernate.boot.archive.scan.internal.DisabledScanner, hibernate.connection.datasource=HikariDataSource (HikariPool-1), java.class.version=66.0, LOGGED_APPLICATION_NAME=[QuizApp] }
2026-08-13T13:11:21.387+05:30 DEBUG 28156 --- [QuizApp] [restartedMain] org.hibernate.HQL_FUNCTIONS              : Available HQL Functions:
	abs(NUMERIC arg)
	Double acos(NUMERIC arg)
	adddate(DATE datetime, INTEGER days)
	addtime(TIME datetime, TIME time)
	Boolean any(BOOLEAN arg)
	Integer ascii(STRING arg)
	Double asin(NUMERIC arg)
	Double atan(NUMERIC arg)
	Double atan2(NUMERIC arg0, NUMERIC arg1)
	avg(arg)
	bit_and(arg)
	Integer bit_length(STRING_OR_CLOB arg)
	bit_or(arg)
	bitand(arg0, arg1)
	bitnot(arg)
	bitor(arg0, arg1)
	bitxor(arg0, arg1)
	cast(arg as Type)
	ceiling(NUMERIC arg)
	Object changesetid(arg)
	Character char(INTEGER arg)
	Integer character_length(STRING_OR_CLOB arg)
	Character chr(INTEGER arg)
	coalesce(arg0[, arg1[, ...]])
	String collate(STRING string as COLLATION collation)
	String concat(STRING string0[, STRING string1[, ...]])
	Double cos(NUMERIC arg)
	Double cosh(NUMERIC arg)
	Double cot(NUMERIC arg)
	Long count([distinct ]{arg|*})
	Integer crc32(arg)
	Double cume_dist([arg0[, ...]])
	Date curdate()
	Date current date
	Date current time
	Date current timestamp
	Date current_date
	Instant current_instant
	Date current_time
	Date current_timestamp
	Date curtime()
	Date date(arg)
	dateadd(TEMPORAL_UNIT field, INTEGER magnitude, TEMPORAL datetime)
	Integer datediff(DATE end, DATE start)
	Integer day(DATE arg)
	String dayname(DATE arg)
	Integer dayofmonth(DATE arg)
	Integer dayofweek(DATE arg)
	Integer dayofyear(DATE arg)
	Double degrees(NUMERIC arg)
	Long dense_rank([arg0[, ...]])
	Boolean every(BOOLEAN arg)
	Double exp(NUMERIC arg)
	extract(TEMPORAL_UNIT field from TEMPORAL arg)
	first_valueANY value
	floor(NUMERIC arg)
	String format(TEMPORAL datetime as STRING pattern)
	greatest(COMPARABLE arg0, COMPARABLE arg1[, arg2[, ...]])
	String hex(arg)
	Integer hour(TIME arg)
	ifnull(arg0, arg1)
	String insert(STRING string, INTEGER start, INTEGER length, STRING replacement)
	Instant instant
	Integer instr(STRING string, STRING pattern[, INTEGER start[, INTEGER occurrence]])
	String json_array([arg0[, ...]])
	String json_array_append(IMPLICIT_JSON arg0, STRING arg1, ANY arg2)
	String json_array_insert(IMPLICIT_JSON arg0, STRING arg1, ANY arg2)
	String json_arrayagg(arg0[, arg1])
	Boolean json_exists(IMPLICIT_JSON arg0, STRING arg1)
	String json_insert(IMPLICIT_JSON arg0, STRING arg1, ANY arg2)
	String json_mergepatch(IMPLICIT_JSON arg0, IMPLICIT_JSON arg1[, arg2[, ...]])
	String json_object( ... )
	String json_objectagg(arg0, arg1[, arg2, arg3])
	String json_query( ... )
	String json_remove(IMPLICIT_JSON arg0, STRING arg1)
	String json_replace(IMPLICIT_JSON arg0, STRING arg1, ANY arg2)
	String json_set(IMPLICIT_JSON arg0, STRING arg1, ANY arg2)
	json_value( ... )
	lagANY value[, INTEGER offset[, ANY default]]
	Date last_day(DATE arg)
	last_valueANY value
	leadANY value[, INTEGER offset[, ANY default]]
	least(COMPARABLE arg0, COMPARABLE arg1[, arg2[, ...]])
	String left(STRING string, INTEGER length)
	Integer length(STRING_OR_CLOB arg)
	String listagg(STRING arg0, STRING arg1)
	Double ln(NUMERIC arg)
	LocalDate local date
	LocalDateTime local datetime
	LocalTime local time
	LocalDate local_date
	LocalDateTime local_datetime
	LocalTime local_time
	Date localtime
	Date localtimestamp
	Integer locate(STRING pattern, STRING string[, INTEGER start])
	Double log(NUMERIC arg0[, NUMERIC arg1])
	Double log10(NUMERIC arg)
	Double log2(NUMERIC arg)
	String lower(STRING string)
	String lpad(string, length[, padding])
	String ltrim(STRING string[, STRING characters])
	Date makedate(INTEGER year, INTEGER dayofyear)
	Date maketime(INTEGER hour, INTEGER min, INTEGER sec)
	max(COMPARABLE arg)
	byte[] md5(arg)
	Integer microsecond(TIME arg)
	min(COMPARABLE arg)
	Integer minute(TIME arg)
	Integer mod(INTEGER arg0, INTEGER arg1)
	ModificationType modificationtype(arg)
	Integer month(DATE arg)
	String monthname(DATE arg)
	Date now()
	nth_valueANY value, INTEGER nth
	nullif(arg0, arg1)
	Integer octet_length(STRING_OR_CLOB arg)
	OffsetDateTime offset datetime
	OffsetDateTime offset_datetime
	Integer ordinal(ENUM arg)
	String overlay(STRING string placing STRING replacement from INTEGER start[ for INTEGER length])
	String pad(STRING string with INTEGER length {leading|trailing}[ STRING character])
	Double percent_rank([arg0[, ...]])
	Double pi
	Integer position(STRING pattern in STRING string)
	Double power(NUMERIC arg0, NUMERIC arg1)
	Integer quarter(DATE arg)
	Double radians(NUMERIC arg)
	Double rand([INTEGER seed])
	Long rank([arg0[, ...]])
	Boolean regexp_like(STRING arg0, STRING arg1[, STRING arg2])
	String repeat(STRING string, INTEGER times)
	String replace(STRING string, STRING pattern, STRING replacement)
	String reverse(STRING arg)
	String right(STRING string, INTEGER length)
	round(NUMERIC number[, INTEGER places])
	Long row_number()
	String rpad(string, length[, padding])
	String rtrim(STRING string[, STRING characters])
	Integer second(TIME arg)
	byte[] sha(arg)
	String sha1(arg)
	String sha2(arg0, arg1)
	Integer sign(NUMERIC arg)
	Double sin(NUMERIC arg)
	Double sinh(NUMERIC arg)
	String soundex(arg)
	String space(INTEGER arg)
	sql
	Double sqrt(NUMERIC arg)
	Double stddev(NUMERIC arg)
	Double stddev_pop(NUMERIC arg)
	Double stddev_samp(NUMERIC arg)
	String str(arg)
	String string(ENUM arg)
	subdate(DATE datetime, INTEGER days)
	String substr(STRING string, INTEGER start[, INTEGER length])
	String substring(STRING string{ from|,} INTEGER start[{ for|,} INTEGER length])
	subtime(TIME datetime, TIME time)
	sum(arg)
	Date sysdate()
	Double tan(NUMERIC arg)
	Double tanh(NUMERIC arg)
	String time(arg)
	Date timestamp(arg0[, arg1])
	timestampadd(TEMPORAL_UNIT field, INTEGER magnitude, TEMPORAL datetime)
	Long|Double timestampdiff(TEMPORAL_UNIT field, TEMPORAL start, TEMPORAL end)
	String trim([[{leading|trailing|both} ][STRING arg0 ]from] STRING arg1)
	trunc( ... )
	truncate( ... )
	String upper(STRING string)
	Date utc_date
	Date utc_time
	Date utc_timestamp
	Double var_pop(NUMERIC arg)
	Double var_samp(NUMERIC arg)
	Double variance(NUMERIC arg)
	Integer week(DATE arg)
	Integer year(DATE arg)

2026-08-13T13:11:21.964+05:30 DEBUG 28156 --- [QuizApp] [restartedMain] org.hibernate.orm.core                   : HHH000513: Unable to create the ReflectionOptimizer for [com.java.quiz.model.Question]: private accessor [category]
2026-08-13T13:11:22.139+05:30  INFO 28156 --- [QuizApp] [restartedMain] org.hibernate.orm.core                   : HHH000489: No JTA platform available (set 'hibernate.transaction.jta.platform' to enable JTA platform integration)
2026-08-13T13:11:22.145+05:30 DEBUG 28156 --- [QuizApp] [restartedMain] org.hibernate.orm.service                : HHH010454: EventListenerRegistry access via ServiceRegistry is deprecated - use 'sessionFactory.getEventEngine().getListenerRegistry()' instead
2026-08-13T13:11:22.234+05:30 DEBUG 28156 --- [QuizApp] [restartedMain] org.hibernate.mapping.Table              : No alter strings for table: question
2026-08-13T13:11:22.236+05:30 DEBUG 28156 --- [QuizApp] [restartedMain] org.hibernate.orm.factoryRegistry        : HHH020384: Registering SessionFactory [60ea8342-1cc6-498e-8eab-99b97e81998e] (default)
2026-08-13T13:11:22.237+05:30  INFO 28156 --- [QuizApp] [restartedMain] j.LocalContainerEntityManagerFactoryBean : Initialized JPA EntityManagerFactory for persistence unit 'default'
2026-08-13T13:11:22.332+05:30  INFO 28156 --- [QuizApp] [restartedMain] o.s.d.j.r.query.QueryEnhancerFactories   : Hibernate is in classpath; If applicable, HQL parser will be used.
2026-08-13T13:11:22.511+05:30  WARN 28156 --- [QuizApp] [restartedMain] JpaBaseConfiguration$JpaWebConfiguration : spring.jpa.open-in-view is enabled by default. Therefore, database queries may be performed during view rendering. Explicitly configure spring.jpa.open-in-view to disable this warning
2026-08-13T13:11:22.871+05:30  INFO 28156 --- [QuizApp] [restartedMain] o.s.boot.tomcat.TomcatWebServer          : Tomcat started on port 8080 (http) with context path '/'
2026-08-13T13:11:22.876+05:30  INFO 28156 --- [QuizApp] [restartedMain] com.java.quiz.QuizAppApplication         : Started QuizAppApplication in 4.881 seconds (process running for 5.446)
2026-08-13T13:11:29.190+05:30  INFO 28156 --- [QuizApp] [http-nio-8080-exec-1] o.a.c.c.C.[Tomcat].[localhost].[/]       : Initializing Spring DispatcherServlet 'dispatcherServlet'
2026-08-13T13:11:29.191+05:30  INFO 28156 --- [QuizApp] [http-nio-8080-exec-1] o.s.web.servlet.DispatcherServlet        : Initializing Servlet 'dispatcherServlet'
2026-08-13T13:11:29.192+05:30  INFO 28156 --- [QuizApp] [http-nio-8080-exec-1] o.s.web.servlet.DispatcherServlet        : Completed initialization in 1 ms
2026-08-13T13:11:29.214+05:30 DEBUG 28156 --- [QuizApp] [http-nio-8080-exec-1] org.hibernate.orm.core                   : HHH006588: Opening session [tenant=null]
2026-08-13T13:11:29.396+05:30 DEBUG 28156 --- [QuizApp] [http-nio-8080-exec-1] org.hibernate.orm.core                   : HHH006583: Beginning transaction
2026-08-13T13:11:29.433+05:30 DEBUG 28156 --- [QuizApp] [http-nio-8080-exec-1] org.hibernate.SQL                        : select q1_0.id,q1_0.category,q1_0.content,q1_0.correct_ans,q1_0.created_at,q1_0.difficulty_level,q1_0.is_deleted,q1_0.optiona,q1_0.optionb,q1_0.optionc,q1_0.optiond,q1_0.question_id,q1_0.updated_at from question q1_0 where q1_0.id=?
2026-08-13T13:11:29.468+05:30 DEBUG 28156 --- [QuizApp] [http-nio-8080-exec-1] org.hibernate.SQL                        : select q1_0.id,q1_0.category,q1_0.content,q1_0.correct_ans,q1_0.created_at,q1_0.difficulty_level,q1_0.is_deleted,q1_0.optiona,q1_0.optionb,q1_0.optionc,q1_0.optiond,q1_0.question_id,q1_0.updated_at from question q1_0 where q1_0.id=?
2026-08-13T13:11:29.474+05:30 DEBUG 28156 --- [QuizApp] [http-nio-8080-exec-1] org.hibernate.orm.core                   : HHH006585: Rolling back transaction
2026-08-13T13:11:29.528+05:30  WARN 28156 --- [QuizApp] [http-nio-8080-exec-1] .m.m.a.ExceptionHandlerExceptionResolver : Resolved [org.springframework.orm.ObjectOptimisticLockingFailureException: Row was already updated or deleted by another transaction for entity [com.java.quiz.model.Question with id '781']]
2026-08-13T13:11:29.529+05:30 DEBUG 28156 --- [QuizApp] [http-nio-8080-exec-1] org.hibernate.session.metrics            : HHH000401: Logging session metrics:
	1405900 ns acquiring 1 JDBC connections
	0 ns releasing 0 JDBC connections
	4069700 ns preparing 2 JDBC statements
	6367600 ns executing 2 JDBC statements
	0 ns executing 0 JDBC batches
	0 ns performing 0 second-level cache puts
	0 ns performing 0 second-level cache hits
	0 ns performing 0 second-level cache misses
	0 ns executing 0 flushes (flushing a total of 0 entities and 0 collections)
	0 ns executing 0 pre-partial-flushes
	0 ns executing 0 partial-flushes (flushing a total of 0 entities and 0 collections)

2026-08-13T13:14:53.710+05:30  INFO 28156 --- [QuizApp] [SpringApplicationShutdownHook] o.s.boot.tomcat.GracefulShutdown         : Commencing graceful shutdown. Waiting for active requests to complete
2026-08-13T13:14:53.730+05:30  INFO 28156 --- [QuizApp] [tomcat-shutdown] o.s.boot.tomcat.GracefulShutdown         : Graceful shutdown complete
2026-08-13T13:14:53.735+05:30  INFO 28156 --- [QuizApp] [SpringApplicationShutdownHook] j.LocalContainerEntityManagerFactoryBean : Closing JPA EntityManagerFactory for persistence unit 'default'
2026-08-13T13:14:53.737+05:30 DEBUG 28156 --- [QuizApp] [SpringApplicationShutdownHook] org.hibernate.orm.factory                : HHH90020005: Closing factory [60ea8342-1cc6-498e-8eab-99b97e81998e]
2026-08-13T13:14:53.743+05:30  INFO 28156 --- [QuizApp] [SpringApplicationShutdownHook] com.zaxxer.hikari.HikariDataSource       : HikariPool-1 - Shutdown initiated...
2026-08-13T13:14:53.753+05:30  INFO 28156 --- [QuizApp] [SpringApplicationShutdownHook] com.zaxxer.hikari.HikariDataSource       : HikariPool-1 - Shutdown completed.
2026-08-13T13:14:57.581+05:30  INFO 16708 --- [QuizApp] [restartedMain] com.java.quiz.QuizAppApplication         : Starting QuizAppApplication using Java 22 with PID 16708 (D:\SPRINGBOOT2026\QuizApp\target\classes started by Ravikant Turi in D:\SPRINGBOOT2026\QuizApp)
2026-08-13T13:14:57.586+05:30  INFO 16708 --- [QuizApp] [restartedMain] com.java.quiz.QuizAppApplication         : No active profile set, falling back to 1 default profile: "default"
2026-08-13T13:14:57.648+05:30  INFO 16708 --- [QuizApp] [restartedMain] .e.DevToolsPropertyDefaultsPostProcessor : Devtools property defaults active! Set 'spring.devtools.add-properties' to 'false' to disable
2026-08-13T13:14:57.648+05:30  INFO 16708 --- [QuizApp] [restartedMain] .e.DevToolsPropertyDefaultsPostProcessor : For additional web related logging consider setting the 'logging.level.web' property to 'DEBUG'
2026-08-13T13:14:58.416+05:30  INFO 16708 --- [QuizApp] [restartedMain] .s.d.r.c.RepositoryConfigurationDelegate : Bootstrapping Spring Data JPA repositories in DEFAULT mode.
2026-08-13T13:14:58.496+05:30  INFO 16708 --- [QuizApp] [restartedMain] .s.d.r.c.RepositoryConfigurationDelegate : Finished Spring Data repository scanning in 70 ms. Found 1 JPA repository interface.
2026-08-13T13:14:59.231+05:30  INFO 16708 --- [QuizApp] [restartedMain] o.s.boot.tomcat.TomcatWebServer          : Tomcat initialized with port 8080 (http)
2026-08-13T13:14:59.251+05:30  INFO 16708 --- [QuizApp] [restartedMain] o.apache.catalina.core.StandardService   : Starting service [Tomcat]
2026-08-13T13:14:59.251+05:30  INFO 16708 --- [QuizApp] [restartedMain] o.apache.catalina.core.StandardEngine    : Starting Servlet engine: [Apache Tomcat/11.0.22]
2026-08-13T13:14:59.309+05:30  INFO 16708 --- [QuizApp] [restartedMain] b.w.c.s.WebApplicationContextInitializer : Root WebApplicationContext: initialization completed in 1660 ms
2026-08-13T13:14:59.434+05:30  INFO 14908 --- [QuizApp] [restartedMain] com.java.quiz.QuizAppApplication         : Starting QuizAppApplication using Java 22 with PID 14908 (D:\SPRINGBOOT2026\QuizApp\target\classes started by Ravikant Turi in D:\SPRINGBOOT2026\QuizApp)
2026-08-13T13:14:59.439+05:30  INFO 14908 --- [QuizApp] [restartedMain] com.java.quiz.QuizAppApplication         : No active profile set, falling back to 1 default profile: "default"
2026-08-13T13:14:59.498+05:30  INFO 14908 --- [QuizApp] [restartedMain] .e.DevToolsPropertyDefaultsPostProcessor : Devtools property defaults active! Set 'spring.devtools.add-properties' to 'false' to disable
2026-08-13T13:14:59.498+05:30  INFO 14908 --- [QuizApp] [restartedMain] .e.DevToolsPropertyDefaultsPostProcessor : For additional web related logging consider setting the 'logging.level.web' property to 'DEBUG'
2026-08-13T13:14:59.578+05:30 DEBUG 16708 --- [QuizApp] [restartedMain] org.hibernate.orm.jpa                    : HHH008541: PersistenceUnitInfo [
	name: default
	persistence provider classname: null
	classloader: org.springframework.boot.devtools.restart.classloader.RestartClassLoader@78b1c8c8
	excludeUnlistedClasses: true
	JTA datasource: null
	Non JTA datasource: HikariDataSource (null)
	Transaction type: RESOURCE_LOCAL
	PU root URL: file:/D:/SPRINGBOOT2026/QuizApp/target/classes/
	Shared Cache Mode: UNSPECIFIED
	Validation Mode: AUTO
	Jar files URLs []
	Managed classes names [
		com.java.quiz.model.Question]
	Mapping files names []
	Properties []
2026-08-13T13:14:59.632+05:30 DEBUG 16708 --- [QuizApp] [restartedMain] org.hibernate.orm.service                : HHH010455: Adding integrator: org.hibernate.boot.beanvalidation.BeanValidationIntegrator
2026-08-13T13:14:59.636+05:30 DEBUG 16708 --- [QuizApp] [restartedMain] org.hibernate.orm.service                : HHH010455: Adding integrator: org.hibernate.cache.internal.CollectionCacheInvalidator
2026-08-13T13:14:59.677+05:30  INFO 16708 --- [QuizApp] [restartedMain] org.hibernate.orm.core                   : HHH000001: Hibernate ORM core version 7.4.1.Final
2026-08-13T13:14:59.679+05:30 DEBUG 16708 --- [QuizApp] [restartedMain] org.hibernate.orm.core                   : HHH000206: 'hibernate.properties' not found
2026-08-13T13:14:59.720+05:30 DEBUG 16708 --- [QuizApp] [restartedMain] org.hibernate.orm.cache                  : HHH90001031: Cannot default RegionFactory since no RegionFactory strategies were registered
2026-08-13T13:14:59.726+05:30 DEBUG 16708 --- [QuizApp] [restartedMain] org.hibernate.orm.cache                  : HHH90001029: Second-level cache disabled
2026-08-13T13:15:00.257+05:30  INFO 14908 --- [QuizApp] [restartedMain] .s.d.r.c.RepositoryConfigurationDelegate : Bootstrapping Spring Data JPA repositories in DEFAULT mode.
2026-08-13T13:15:00.280+05:30  INFO 16708 --- [QuizApp] [restartedMain] o.s.o.j.p.SpringPersistenceUnitInfo      : No LoadTimeWeaver setup: ignoring JPA class transformer
2026-08-13T13:15:00.349+05:30  INFO 16708 --- [QuizApp] [restartedMain] com.zaxxer.hikari.HikariDataSource       : HikariPool-1 - Starting...
2026-08-13T13:15:00.358+05:30  INFO 14908 --- [QuizApp] [restartedMain] .s.d.r.c.RepositoryConfigurationDelegate : Finished Spring Data repository scanning in 85 ms. Found 1 JPA repository interface.
2026-08-13T13:15:00.900+05:30  INFO 16708 --- [QuizApp] [restartedMain] com.zaxxer.hikari.pool.HikariPool        : HikariPool-1 - Added connection com.mysql.cj.jdbc.ConnectionImpl@6b925399
2026-08-13T13:15:00.905+05:30  INFO 16708 --- [QuizApp] [restartedMain] com.zaxxer.hikari.HikariDataSource       : HikariPool-1 - Start completed.
2026-08-13T13:15:00.912+05:30 DEBUG 16708 --- [QuizApp] [restartedMain] org.hibernate.orm.jdbc                   : HHH100017: Database:
	name: MySQL
	version: 8.0.34
	major: 8
	minor: 0
2026-08-13T13:15:00.913+05:30 DEBUG 16708 --- [QuizApp] [restartedMain] org.hibernate.orm.jdbc                   : HHH100018: Driver:
	name: MySQL Connector/J
	version: mysql-connector-j-9.7.0 (Revision: 0aade1f13bcc98faf7dda5c02e782481eb291f62)
	major: 9
	minor: 7
	JDBC version: 4.2
2026-08-13T13:15:01.008+05:30 DEBUG 16708 --- [QuizApp] [restartedMain] org.hibernate.orm.dialect                : HHH035001: Using dialect: org.hibernate.dialect.MySQLDialect, version: 8.0.34
2026-08-13T13:15:01.013+05:30 DEBUG 16708 --- [QuizApp] [restartedMain] o.h.e.j.env.spi.IdentifierHelperBuilder  : IdentifierCaseStrategy for both quoted and unquoted identifiers was set to the same strategy [LOWER]; that will likely lead to problems in schema update and validation if using quoted identifiers
2026-08-13T13:15:01.030+05:30 DEBUG 16708 --- [QuizApp] [restartedMain] org.hibernate.orm.jdbc                   : HHH100122: Using default JDBC fetch size: 0
2026-08-13T13:15:01.043+05:30  INFO 16708 --- [QuizApp] [restartedMain] org.hibernate.orm.connections.pooling    : HHH10001005: Database info:
	Database JDBC URL [jdbc:mysql://localhost:3308/mydbs]
	Database driver: MySQL Connector/J
	Database dialect: MySQLDialect
	Database version: 8.0.34
	Default catalog/schema: mydbs/undefined
	Autocommit mode: undefined/unknown
	Isolation level: REPEATABLE_READ [default REPEATABLE_READ]
	JDBC fetch size: none
	Pool: DataSourceConnectionProvider
	Minimum pool size: undefined/unknown
	Maximum pool size: undefined/unknown
2026-08-13T13:15:01.281+05:30  INFO 14908 --- [QuizApp] [restartedMain] o.s.boot.tomcat.TomcatWebServer          : Tomcat initialized with port 8080 (http)
2026-08-13T13:15:01.330+05:30  INFO 14908 --- [QuizApp] [restartedMain] o.apache.catalina.core.StandardService   : Starting service [Tomcat]
2026-08-13T13:15:01.330+05:30  INFO 14908 --- [QuizApp] [restartedMain] o.apache.catalina.core.StandardEngine    : Starting Servlet engine: [Apache Tomcat/11.0.22]
2026-08-13T13:15:01.387+05:30  INFO 14908 --- [QuizApp] [restartedMain] b.w.c.s.WebApplicationContextInitializer : Root WebApplicationContext: initialization completed in 1888 ms
2026-08-13T13:15:01.585+05:30 DEBUG 16708 --- [QuizApp] [restartedMain] org.hibernate.orm.factory                : HHH90020001: Instantiating factory [52189e87-5562-4a9d-8000-4d1f449b8a9d] with settings: {java.specification.version=22, sun.cpu.isalist=amd64, hibernate.resource.beans.container=org.springframework.orm.jpa.hibernate.SpringBeanContainer@2d788ebf, hibernate.connection.handling_mode=DELAYED_ACQUISITION_AND_HOLD, sun.jnu.encoding=Cp1252, hibernate.implicit_naming_strategy=org.springframework.boot.hibernate.SpringImplicitNamingStrategy, java.class.path=D:\SPRINGBOOT2026\QuizApp\target\classes;C:\Users\Ravikant Turi\.m2\repository\org\springframework\boot\spring-boot-starter-data-jpa\4.1.0\spring-boot-starter-data-jpa-4.1.0.jar;C:\Users\Ravikant Turi\.m2\repository\org\springframework\boot\spring-boot-starter\4.1.0\spring-boot-starter-4.1.0.jar;C:\Users\Ravikant Turi\.m2\repository\org\springframework\boot\spring-boot-starter-logging\4.1.0\spring-boot-starter-logging-4.1.0.jar;C:\Users\Ravikant Turi\.m2\repository\ch\qos\logback\logback-classic\1.5.34\logback-classic-1.5.34.jar;C:\Users\Ravikant Turi\.m2\repository\ch\qos\logback\logback-core\1.5.34\logback-core-1.5.34.jar;C:\Users\Ravikant Turi\.m2\repository\org\apache\logging\log4j\log4j-to-slf4j\2.25.4\log4j-to-slf4j-2.25.4.jar;C:\Users\Ravikant Turi\.m2\repository\org\apache\logging\log4j\log4j-api\2.25.4\log4j-api-2.25.4.jar;C:\Users\Ravikant Turi\.m2\repository\org\slf4j\jul-to-slf4j\2.0.18\jul-to-slf4j-2.0.18.jar;C:\Users\Ravikant Turi\.m2\repository\jakarta\annotation\jakarta.annotation-api\3.0.0\jakarta.annotation-api-3.0.0.jar;C:\Users\Ravikant Turi\.m2\repository\org\yaml\snakeyaml\2.6\snakeyaml-2.6.jar;C:\Users\Ravikant Turi\.m2\repository\org\springframework\boot\spring-boot-starter-jdbc\4.1.0\spring-boot-starter-jdbc-4.1.0.jar;C:\Users\Ravikant Turi\.m2\repository\com\zaxxer\HikariCP\7.0.2\HikariCP-7.0.2.jar;C:\Users\Ravikant Turi\.m2\repository\org\slf4j\slf4j-api\2.0.18\slf4j-api-2.0.18.jar;C:\Users\Ravikant Turi\.m2\repository\org\springframework\boot\spring-boot-data-jpa\4.1.0\spring-boot-data-jpa-4.1.0.jar;C:\Users\Ravikant Turi\.m2\repository\org\springframework\boot\spring-boot-data-commons\4.1.0\spring-boot-data-commons-4.1.0.jar;C:\Users\Ravikant Turi\.m2\repository\org\springframework\boot\spring-boot-persistence\4.1.0\spring-boot-persistence-4.1.0.jar;C:\Users\Ravikant Turi\.m2\repository\org\springframework\data\spring-data-commons\4.1.0\spring-data-commons-4.1.0.jar;C:\Users\Ravikant Turi\.m2\repository\org\springframework\boot\spring-boot-hibernate\4.1.0\spring-boot-hibernate-4.1.0.jar;C:\Users\Ravikant Turi\.m2\repository\org\springframework\boot\spring-boot-jpa\4.1.0\spring-boot-jpa-4.1.0.jar;C:\Users\Ravikant Turi\.m2\repository\jakarta\persistence\jakarta.persistence-api\3.2.0\jakarta.persistence-api-3.2.0.jar;C:\Users\Ravikant Turi\.m2\repository\org\hibernate\orm\hibernate-core\7.4.1.Final\hibernate-core-7.4.1.Final.jar;C:\Users\Ravikant Turi\.m2\repository\jakarta\transaction\jakarta.transaction-api\2.0.1\jakarta.transaction-api-2.0.1.jar;C:\Users\Ravikant Turi\.m2\repository\org\jboss\logging\jboss-logging\3.6.3.Final\jboss-logging-3.6.3.Final.jar;C:\Users\Ravikant Turi\.m2\repository\org\hibernate\models\hibernate-models\1.1.1\hibernate-models-1.1.1.jar;C:\Users\Ravikant Turi\.m2\repository\org\glassfish\jaxb\jaxb-runtime\4.0.9\jaxb-runtime-4.0.9.jar;C:\Users\Ravikant Turi\.m2\repository\org\glassfish\jaxb\jaxb-core\4.0.9\jaxb-core-4.0.9.jar;C:\Users\Ravikant Turi\.m2\repository\org\eclipse\angus\angus-activation\2.0.3\angus-activation-2.0.3.jar;C:\Users\Ravikant Turi\.m2\repository\org\glassfish\jaxb\txw2\4.0.9\txw2-4.0.9.jar;C:\Users\Ravikant Turi\.m2\repository\com\sun\istack\istack-commons-runtime\4.1.2\istack-commons-runtime-4.1.2.jar;C:\Users\Ravikant Turi\.m2\repository\jakarta\inject\jakarta.inject-api\2.0.1\jakarta.inject-api-2.0.1.jar;C:\Users\Ravikant Turi\.m2\repository\org\springframework\spring-orm\7.0.8\spring-orm-7.0.8.jar;C:\Users\Ravikant Turi\.m2\repository\org\springframework\data\spring-data-jpa\4.1.0\spring-data-jpa-4.1.0.jar;C:\Users\Ravikant Turi\.m2\repository\org\springframework\spring-aop\7.0.8\spring-aop-7.0.8.jar;C:\Users\Ravikant Turi\.m2\repository\org\springframework\spring-tx\7.0.8\spring-tx-7.0.8.jar;C:\Users\Ravikant Turi\.m2\repository\org\springframework\spring-beans\7.0.8\spring-beans-7.0.8.jar;C:\Users\Ravikant Turi\.m2\repository\org\antlr\antlr4-runtime\4.13.2\antlr4-runtime-4.13.2.jar;C:\Users\Ravikant Turi\.m2\repository\org\springframework\spring-aspects\7.0.8\spring-aspects-7.0.8.jar;C:\Users\Ravikant Turi\.m2\repository\org\aspectj\aspectjweaver\1.9.25.1\aspectjweaver-1.9.25.1.jar;C:\Users\Ravikant Turi\.m2\repository\org\springframework\boot\spring-boot-jdbc\4.1.0\spring-boot-jdbc-4.1.0.jar;C:\Users\Ravikant Turi\.m2\repository\org\springframework\boot\spring-boot-sql\4.1.0\spring-boot-sql-4.1.0.jar;C:\Users\Ravikant Turi\.m2\repository\org\springframework\boot\spring-boot-transaction\4.1.0\spring-boot-transaction-4.1.0.jar;C:\Users\Ravikant Turi\.m2\repository\org\springframework\spring-jdbc\7.0.8\spring-jdbc-7.0.8.jar;C:\Users\Ravikant Turi\.m2\repository\org\springframework\boot\spring-boot-starter-webmvc\4.1.0\spring-boot-starter-webmvc-4.1.0.jar;C:\Users\Ravikant Turi\.m2\repository\org\springframework\boot\spring-boot-starter-jackson\4.1.0\spring-boot-starter-jackson-4.1.0.jar;C:\Users\Ravikant Turi\.m2\repository\org\springframework\boot\spring-boot-jackson\4.1.0\spring-boot-jackson-4.1.0.jar;C:\Users\Ravikant Turi\.m2\repository\tools\jackson\core\jackson-databind\3.1.4\jackson-databind-3.1.4.jar;C:\Users\Ravikant Turi\.m2\repository\com\fasterxml\jackson\core\jackson-annotations\2.21\jackson-annotations-2.21.jar;C:\Users\Ravikant Turi\.m2\repository\tools\jackson\core\jackson-core\3.1.4\jackson-core-3.1.4.jar;C:\Users\Ravikant Turi\.m2\repository\org\springframework\boot\spring-boot-starter-tomcat\4.1.0\spring-boot-starter-tomcat-4.1.0.jar;C:\Users\Ravikant Turi\.m2\repository\org\springframework\boot\spring-boot-starter-tomcat-runtime\4.1.0\spring-boot-starter-tomcat-runtime-4.1.0.jar;C:\Users\Ravikant Turi\.m2\repository\org\apache\tomcat\embed\tomcat-embed-core\11.0.22\tomcat-embed-core-11.0.22.jar;C:\Users\Ravikant Turi\.m2\repository\org\apache\tomcat\embed\tomcat-embed-el\11.0.22\tomcat-embed-el-11.0.22.jar;C:\Users\Ravikant Turi\.m2\repository\org\apache\tomcat\embed\tomcat-embed-websocket\11.0.22\tomcat-embed-websocket-11.0.22.jar;C:\Users\Ravikant Turi\.m2\repository\org\springframework\boot\spring-boot-tomcat\4.1.0\spring-boot-tomcat-4.1.0.jar;C:\Users\Ravikant Turi\.m2\repository\org\springframework\boot\spring-boot-http-converter\4.1.0\spring-boot-http-converter-4.1.0.jar;C:\Users\Ravikant Turi\.m2\repository\org\springframework\spring-web\7.0.8\spring-web-7.0.8.jar;C:\Users\Ravikant Turi\.m2\repository\io\micrometer\micrometer-observation\1.17.0\micrometer-observation-1.17.0.jar;C:\Users\Ravikant Turi\.m2\repository\io\micrometer\micrometer-commons\1.17.0\micrometer-commons-1.17.0.jar;C:\Users\Ravikant Turi\.m2\repository\org\springframework\boot\spring-boot-webmvc\4.1.0\spring-boot-webmvc-4.1.0.jar;C:\Users\Ravikant Turi\.m2\repository\org\springframework\boot\spring-boot-servlet\4.1.0\spring-boot-servlet-4.1.0.jar;C:\Users\Ravikant Turi\.m2\repository\org\springframework\spring-webmvc\7.0.8\spring-webmvc-7.0.8.jar;C:\Users\Ravikant Turi\.m2\repository\org\springframework\spring-expression\7.0.8\spring-expression-7.0.8.jar;C:\Users\Ravikant Turi\.m2\repository\org\modelmapper\modelmapper\3.2.1\modelmapper-3.2.1.jar;C:\Users\Ravikant Turi\.m2\repository\org\springframework\boot\spring-boot-devtools\4.1.0\spring-boot-devtools-4.1.0.jar;C:\Users\Ravikant Turi\.m2\repository\org\springframework\boot\spring-boot\4.1.0\spring-boot-4.1.0.jar;C:\Users\Ravikant Turi\.m2\repository\org\springframework\spring-core\7.0.8\spring-core-7.0.8.jar;C:\Users\Ravikant Turi\.m2\repository\commons-logging\commons-logging\1.3.6\commons-logging-1.3.6.jar;C:\Users\Ravikant Turi\.m2\repository\org\jspecify\jspecify\1.0.0\jspecify-1.0.0.jar;C:\Users\Ravikant Turi\.m2\repository\org\springframework\spring-context\7.0.8\spring-context-7.0.8.jar;C:\Users\Ravikant Turi\.m2\repository\org\springframework\boot\spring-boot-autoconfigure\4.1.0\spring-boot-autoconfigure-4.1.0.jar;C:\Users\Ravikant Turi\.m2\repository\com\mysql\mysql-connector-j\9.7.0\mysql-connector-j-9.7.0.jar;C:\Users\Ravikant Turi\.m2\repository\org\projectlombok\lombok\1.18.46\lombok-1.18.46.jar;C:\Users\Ravikant Turi\.m2\repository\jakarta\xml\bind\jakarta.xml.bind-api\4.0.5\jakarta.xml.bind-api-4.0.5.jar;C:\Users\Ravikant Turi\.m2\repository\jakarta\activation\jakarta.activation-api\2.1.4\jakarta.activation-api-2.1.4.jar;C:\Users\Ravikant Turi\.m2\repository\net\bytebuddy\byte-buddy\1.18.10\byte-buddy-1.18.10.jar;C:\Users\Ravikant Turi\.m2\repository\org\springframework\boot\spring-boot-web-server\4.1.0\spring-boot-web-server-4.1.0.jar, java.vm.vendor=Oracle Corporation, sun.arch.data.model=64, user.variant=, java.vendor.url=https://java.oracle.com/, catalina.useNaming=false, user.timezone=Asia/Calcutta, jakarta.persistence.sharedCache.mode=UNSPECIFIED, org.jboss.logging.provider=slf4j, java.vm.specification.version=22, os.name=Windows 11, APPLICATION_NAME=QuizApp, jakarta.persistence.nonJtaDataSource=HikariDataSource (HikariPool-1), sun.java.launcher=SUN_STANDARD, user.country=IN, sun.boot.library.path=C:\Program Files\Java\jdk-22\bin, sun.java.command=com.java.quiz.QuizAppApplication, javax.persistence.nonJtaDataSource=HikariDataSource (HikariPool-1), jdk.debug=release, sun.cpu.endian=little, hibernate.cdi.extensions=true, user.home=C:\Users\Ravikant Turi, user.language=en, sun.stderr.encoding=UTF-8, java.specification.vendor=Oracle Corporation, java.version.date=2024-03-19, java.home=C:\Program Files\Java\jdk-22, file.separator=\, java.vm.compressedOopsMode=32-bit, sun.stdout.encoding=UTF-8, line.separator=
, hibernate.persistenceUnitName=default, java.vm.specification.vendor=Oracle Corporation, java.specification.name=Java Platform API Specification, FILE_LOG_CHARSET=UTF-8, hibernate.transaction.coordinator_class=class org.hibernate.resource.transaction.backend.jdbc.internal.JdbcResourceLocalTransactionCoordinatorBuilderImpl, java.awt.headless=true, jakarta.persistence.validation.mode=AUTO, hibernate.hbm2ddl.auto=update, user.script=, sun.management.compiler=HotSpot 64-Bit Tiered Compilers, java.runtime.version=22+36-2370, user.name=Ravikant Turi, stdout.encoding=UTF-8, path.separator=;, os.version=10.0, java.runtime.name=Java(TM) SE Runtime Environment, file.encoding=UTF-8, java.vm.name=Java HotSpot(TM) 64-Bit Server VM, hibernate.show_sql=true, LOG_FILE=application.log, java.vendor.url.bug=https://bugreport.java.com/bugreport/, java.io.tmpdir=C:\Users\RAVIKA~1\AppData\Local\Temp\, catalina.home=C:\Users\Ravikant Turi\AppData\Local\Temp\tomcat.8080.11917783327321749440, java.version=22, hibernate.physical_naming_strategy=org.hibernate.boot.model.naming.PhysicalNamingStrategySnakeCaseImpl, user.dir=D:\SPRINGBOOT2026\QuizApp, os.arch=amd64, java.vm.specification.name=Java Virtual Machine Specification, PID=16708, sun.os.patch.level=, CONSOLE_LOG_CHARSET=windows-1252, catalina.base=C:\Users\Ravikant Turi\AppData\Local\Temp\tomcat.8080.11917783327321749440, hibernate.boot.CfgXmlAccessService.key=org.hibernate.boot.registry.StandardServiceRegistryBuilder$1@70acfa27, native.encoding=Cp1252, java.library.path=C:\Program Files\Java\jdk-22\bin;C:\WINDOWS\Sun\Java\bin;C:\WINDOWS\system32;C:\WINDOWS;C:\Users\Ravikant Turi\AppData\Local\Programs\Python\Python312\Scripts\;C:\Users\Ravikant Turi\AppData\Local\Programs\Python\Python312\;C:\Program Files\Common Files\Oracle\Java\javapath;C:\windows\system32;C:\windows;C:\windows\System32\Wbem;C:\windows\System32\WindowsPowerShell\v1.0\;C:\windows\System32\OpenSSH\;C:\Program Files (x86)\NVIDIA Corporation\PhysX\Common;C:\Program Files\NVIDIA Corporation\NVIDIA NvDLISR;C:\WINDOWS\system32;C:\WINDOWS;C:\WINDOWS\System32\Wbem;C:\WINDOWS\System32\WindowsPowerShell\v1.0\;C:\WINDOWS\System32\OpenSSH\;C:\Program Files (x86)\Dev-Cpp\MinGW64\bin;C:\Program Files\Java\jdk-19\bin;C:\ProgramData\chocolatey\bin;C:\GRADLE\gradle-7.6.4\bin;C:\Program Files\Git\cmd;C:\apache-jmeter-5.6.3\bin;C:\Program Files\nodejs\;C:\Users\Ravikant Turi\anaconda3;C:\Users\Ravikant Turi\anaconda3\Library\mingw-w64\bin;C:\Users\Ravikant Turi\anaconda3\Library\usr\bin;C:\Users\Ravikant Turi\anaconda3\Library\bin;C:\Users\Ravikant Turi\anaconda3\Scripts;C:\Users\Ravikant Turi\anaconda3\anakonda\ravi;C:\Users\Ravikant Turi\anaconda3\anakonda\ravi\Library\mingw-w64\bin;C:\Users\Ravikant Turi\anaconda3\anakonda\ravi\Library\usr\bin;C:\Users\Ravikant Turi\anaconda3\anakonda\ravi\Library\bin;C:\Users\Ravikant Turi\anaconda3\anakonda\ravi\Scripts;C:\Users\Ravikant Turi\AppData\Local\Microsoft\WindowsApps;C:\Program Files\JetBrains\IntelliJ IDEA Community Edition 2023.3.4\bin;;C:\Program Files\MinGW\bin;C:\Program Files\JetBrains\IntelliJ IDEA 2023.3.4\bin;;C:\Program Files\Java\jdk-19\bin;C:\Program Files\Java\jdk-22\bin;C:\Users\Ravikant Turi\AppData\Local\Programs\mongosh\;C:\Users\Ravikant Turi\AppData\Local\Programs\Microsoft VS Code\bin;C:\Users\Ravikant Turi\AppData\Roaming\npm;C:\Users\Ravikant Turi\AppData\Local\GitHubDesktop\bin;., stderr.encoding=UTF-8, java.vendor=Oracle Corporation, java.vm.info=mixed mode, sharing, java.vm.version=22+36-2370, sun.io.unicode.encoding=UnicodeLittle, hibernate.archive.scanner=org.hibernate.boot.archive.scan.internal.DisabledScanner, hibernate.connection.datasource=HikariDataSource (HikariPool-1), java.class.version=66.0, LOGGED_APPLICATION_NAME=[QuizApp] }
2026-08-13T13:15:01.593+05:30 DEBUG 14908 --- [QuizApp] [restartedMain] org.hibernate.orm.jpa                    : HHH008541: PersistenceUnitInfo [
	name: default
	persistence provider classname: null
	classloader: org.springframework.boot.devtools.restart.classloader.RestartClassLoader@78b1c8c8
	excludeUnlistedClasses: true
	JTA datasource: null
	Non JTA datasource: HikariDataSource (null)
	Transaction type: RESOURCE_LOCAL
	PU root URL: file:/D:/SPRINGBOOT2026/QuizApp/target/classes/
	Shared Cache Mode: UNSPECIFIED
	Validation Mode: AUTO
	Jar files URLs []
	Managed classes names [
		com.java.quiz.model.Question]
	Mapping files names []
	Properties []
2026-08-13T13:15:01.626+05:30 DEBUG 14908 --- [QuizApp] [restartedMain] org.hibernate.orm.service                : HHH010455: Adding integrator: org.hibernate.boot.beanvalidation.BeanValidationIntegrator
2026-08-13T13:15:01.627+05:30 DEBUG 14908 --- [QuizApp] [restartedMain] org.hibernate.orm.service                : HHH010455: Adding integrator: org.hibernate.cache.internal.CollectionCacheInvalidator
2026-08-13T13:15:01.659+05:30  INFO 14908 --- [QuizApp] [restartedMain] org.hibernate.orm.core                   : HHH000001: Hibernate ORM core version 7.4.1.Final
2026-08-13T13:15:01.660+05:30 DEBUG 14908 --- [QuizApp] [restartedMain] org.hibernate.orm.core                   : HHH000206: 'hibernate.properties' not found
2026-08-13T13:15:01.682+05:30 DEBUG 16708 --- [QuizApp] [restartedMain] org.hibernate.HQL_FUNCTIONS              : Available HQL Functions:
	abs(NUMERIC arg)
	Double acos(NUMERIC arg)
	adddate(DATE datetime, INTEGER days)
	addtime(TIME datetime, TIME time)
	Boolean any(BOOLEAN arg)
	Integer ascii(STRING arg)
	Double asin(NUMERIC arg)
	Double atan(NUMERIC arg)
	Double atan2(NUMERIC arg0, NUMERIC arg1)
	avg(arg)
	bit_and(arg)
	Integer bit_length(STRING_OR_CLOB arg)
	bit_or(arg)
	bitand(arg0, arg1)
	bitnot(arg)
	bitor(arg0, arg1)
	bitxor(arg0, arg1)
	cast(arg as Type)
	ceiling(NUMERIC arg)
	Object changesetid(arg)
	Character char(INTEGER arg)
	Integer character_length(STRING_OR_CLOB arg)
	Character chr(INTEGER arg)
	coalesce(arg0[, arg1[, ...]])
	String collate(STRING string as COLLATION collation)
	String concat(STRING string0[, STRING string1[, ...]])
	Double cos(NUMERIC arg)
	Double cosh(NUMERIC arg)
	Double cot(NUMERIC arg)
	Long count([distinct ]{arg|*})
	Integer crc32(arg)
	Double cume_dist([arg0[, ...]])
	Date curdate()
	Date current date
	Date current time
	Date current timestamp
	Date current_date
	Instant current_instant
	Date current_time
	Date current_timestamp
	Date curtime()
	Date date(arg)
	dateadd(TEMPORAL_UNIT field, INTEGER magnitude, TEMPORAL datetime)
	Integer datediff(DATE end, DATE start)
	Integer day(DATE arg)
	String dayname(DATE arg)
	Integer dayofmonth(DATE arg)
	Integer dayofweek(DATE arg)
	Integer dayofyear(DATE arg)
	Double degrees(NUMERIC arg)
	Long dense_rank([arg0[, ...]])
	Boolean every(BOOLEAN arg)
	Double exp(NUMERIC arg)
	extract(TEMPORAL_UNIT field from TEMPORAL arg)
	first_valueANY value
	floor(NUMERIC arg)
	String format(TEMPORAL datetime as STRING pattern)
	greatest(COMPARABLE arg0, COMPARABLE arg1[, arg2[, ...]])
	String hex(arg)
	Integer hour(TIME arg)
	ifnull(arg0, arg1)
	String insert(STRING string, INTEGER start, INTEGER length, STRING replacement)
	Instant instant
	Integer instr(STRING string, STRING pattern[, INTEGER start[, INTEGER occurrence]])
	String json_array([arg0[, ...]])
	String json_array_append(IMPLICIT_JSON arg0, STRING arg1, ANY arg2)
	String json_array_insert(IMPLICIT_JSON arg0, STRING arg1, ANY arg2)
	String json_arrayagg(arg0[, arg1])
	Boolean json_exists(IMPLICIT_JSON arg0, STRING arg1)
	String json_insert(IMPLICIT_JSON arg0, STRING arg1, ANY arg2)
	String json_mergepatch(IMPLICIT_JSON arg0, IMPLICIT_JSON arg1[, arg2[, ...]])
	String json_object( ... )
	String json_objectagg(arg0, arg1[, arg2, arg3])
	String json_query( ... )
	String json_remove(IMPLICIT_JSON arg0, STRING arg1)
	String json_replace(IMPLICIT_JSON arg0, STRING arg1, ANY arg2)
	String json_set(IMPLICIT_JSON arg0, STRING arg1, ANY arg2)
	json_value( ... )
	lagANY value[, INTEGER offset[, ANY default]]
	Date last_day(DATE arg)
	last_valueANY value
	leadANY value[, INTEGER offset[, ANY default]]
	least(COMPARABLE arg0, COMPARABLE arg1[, arg2[, ...]])
	String left(STRING string, INTEGER length)
	Integer length(STRING_OR_CLOB arg)
	String listagg(STRING arg0, STRING arg1)
	Double ln(NUMERIC arg)
	LocalDate local date
	LocalDateTime local datetime
	LocalTime local time
	LocalDate local_date
	LocalDateTime local_datetime
	LocalTime local_time
	Date localtime
	Date localtimestamp
	Integer locate(STRING pattern, STRING string[, INTEGER start])
	Double log(NUMERIC arg0[, NUMERIC arg1])
	Double log10(NUMERIC arg)
	Double log2(NUMERIC arg)
	String lower(STRING string)
	String lpad(string, length[, padding])
	String ltrim(STRING string[, STRING characters])
	Date makedate(INTEGER year, INTEGER dayofyear)
	Date maketime(INTEGER hour, INTEGER min, INTEGER sec)
	max(COMPARABLE arg)
	byte[] md5(arg)
	Integer microsecond(TIME arg)
	min(COMPARABLE arg)
	Integer minute(TIME arg)
	Integer mod(INTEGER arg0, INTEGER arg1)
	ModificationType modificationtype(arg)
	Integer month(DATE arg)
	String monthname(DATE arg)
	Date now()
	nth_valueANY value, INTEGER nth
	nullif(arg0, arg1)
	Integer octet_length(STRING_OR_CLOB arg)
	OffsetDateTime offset datetime
	OffsetDateTime offset_datetime
	Integer ordinal(ENUM arg)
	String overlay(STRING string placing STRING replacement from INTEGER start[ for INTEGER length])
	String pad(STRING string with INTEGER length {leading|trailing}[ STRING character])
	Double percent_rank([arg0[, ...]])
	Double pi
	Integer position(STRING pattern in STRING string)
	Double power(NUMERIC arg0, NUMERIC arg1)
	Integer quarter(DATE arg)
	Double radians(NUMERIC arg)
	Double rand([INTEGER seed])
	Long rank([arg0[, ...]])
	Boolean regexp_like(STRING arg0, STRING arg1[, STRING arg2])
	String repeat(STRING string, INTEGER times)
	String replace(STRING string, STRING pattern, STRING replacement)
	String reverse(STRING arg)
	String right(STRING string, INTEGER length)
	round(NUMERIC number[, INTEGER places])
	Long row_number()
	String rpad(string, length[, padding])
	String rtrim(STRING string[, STRING characters])
	Integer second(TIME arg)
	byte[] sha(arg)
	String sha1(arg)
	String sha2(arg0, arg1)
	Integer sign(NUMERIC arg)
	Double sin(NUMERIC arg)
	Double sinh(NUMERIC arg)
	String soundex(arg)
	String space(INTEGER arg)
	sql
	Double sqrt(NUMERIC arg)
	Double stddev(NUMERIC arg)
	Double stddev_pop(NUMERIC arg)
	Double stddev_samp(NUMERIC arg)
	String str(arg)
	String string(ENUM arg)
	subdate(DATE datetime, INTEGER days)
	String substr(STRING string, INTEGER start[, INTEGER length])
	String substring(STRING string{ from|,} INTEGER start[{ for|,} INTEGER length])
	subtime(TIME datetime, TIME time)
	sum(arg)
	Date sysdate()
	Double tan(NUMERIC arg)
	Double tanh(NUMERIC arg)
	String time(arg)
	Date timestamp(arg0[, arg1])
	timestampadd(TEMPORAL_UNIT field, INTEGER magnitude, TEMPORAL datetime)
	Long|Double timestampdiff(TEMPORAL_UNIT field, TEMPORAL start, TEMPORAL end)
	String trim([[{leading|trailing|both} ][STRING arg0 ]from] STRING arg1)
	trunc( ... )
	truncate( ... )
	String upper(STRING string)
	Date utc_date
	Date utc_time
	Date utc_timestamp
	Double var_pop(NUMERIC arg)
	Double var_samp(NUMERIC arg)
	Double variance(NUMERIC arg)
	Integer week(DATE arg)
	Integer year(DATE arg)

2026-08-13T13:15:01.684+05:30 DEBUG 14908 --- [QuizApp] [restartedMain] org.hibernate.orm.cache                  : HHH90001031: Cannot default RegionFactory since no RegionFactory strategies were registered
2026-08-13T13:15:01.686+05:30 DEBUG 14908 --- [QuizApp] [restartedMain] org.hibernate.orm.cache                  : HHH90001029: Second-level cache disabled
2026-08-13T13:15:02.029+05:30 DEBUG 16708 --- [QuizApp] [restartedMain] org.hibernate.orm.core                   : HHH000513: Unable to create the ReflectionOptimizer for [com.java.quiz.model.Question]: private accessor [category]
2026-08-13T13:15:02.130+05:30  INFO 14908 --- [QuizApp] [restartedMain] o.s.o.j.p.SpringPersistenceUnitInfo      : No LoadTimeWeaver setup: ignoring JPA class transformer
2026-08-13T13:15:02.172+05:30  INFO 14908 --- [QuizApp] [restartedMain] com.zaxxer.hikari.HikariDataSource       : HikariPool-1 - Starting...
2026-08-13T13:15:02.213+05:30  INFO 16708 --- [QuizApp] [restartedMain] org.hibernate.orm.core                   : HHH000489: No JTA platform available (set 'hibernate.transaction.jta.platform' to enable JTA platform integration)
2026-08-13T13:15:02.219+05:30 DEBUG 16708 --- [QuizApp] [restartedMain] org.hibernate.orm.service                : HHH010454: EventListenerRegistry access via ServiceRegistry is deprecated - use 'sessionFactory.getEventEngine().getListenerRegistry()' instead
2026-08-13T13:15:02.271+05:30 DEBUG 16708 --- [QuizApp] [restartedMain] org.hibernate.mapping.Table              : No alter strings for table: question
2026-08-13T13:15:02.273+05:30 DEBUG 16708 --- [QuizApp] [restartedMain] org.hibernate.orm.factoryRegistry        : HHH020384: Registering SessionFactory [52189e87-5562-4a9d-8000-4d1f449b8a9d] (default)
2026-08-13T13:15:02.273+05:30  INFO 16708 --- [QuizApp] [restartedMain] j.LocalContainerEntityManagerFactoryBean : Initialized JPA EntityManagerFactory for persistence unit 'default'
2026-08-13T13:15:02.363+05:30  INFO 16708 --- [QuizApp] [restartedMain] o.s.d.j.r.query.QueryEnhancerFactories   : Hibernate is in classpath; If applicable, HQL parser will be used.
2026-08-13T13:15:02.527+05:30  WARN 16708 --- [QuizApp] [restartedMain] JpaBaseConfiguration$JpaWebConfiguration : spring.jpa.open-in-view is enabled by default. Therefore, database queries may be performed during view rendering. Explicitly configure spring.jpa.open-in-view to disable this warning
2026-08-13T13:15:02.609+05:30  INFO 14908 --- [QuizApp] [restartedMain] com.zaxxer.hikari.pool.HikariPool        : HikariPool-1 - Added connection com.mysql.cj.jdbc.ConnectionImpl@12c05eb6
2026-08-13T13:15:02.613+05:30  INFO 14908 --- [QuizApp] [restartedMain] com.zaxxer.hikari.HikariDataSource       : HikariPool-1 - Start completed.
2026-08-13T13:15:02.617+05:30 DEBUG 14908 --- [QuizApp] [restartedMain] org.hibernate.orm.jdbc                   : HHH100017: Database:
	name: MySQL
	version: 8.0.34
	major: 8
	minor: 0
2026-08-13T13:15:02.617+05:30 DEBUG 14908 --- [QuizApp] [restartedMain] org.hibernate.orm.jdbc                   : HHH100018: Driver:
	name: MySQL Connector/J
	version: mysql-connector-j-9.7.0 (Revision: 0aade1f13bcc98faf7dda5c02e782481eb291f62)
	major: 9
	minor: 7
	JDBC version: 4.2
2026-08-13T13:15:02.685+05:30 DEBUG 14908 --- [QuizApp] [restartedMain] org.hibernate.orm.dialect                : HHH035001: Using dialect: org.hibernate.dialect.MySQLDialect, version: 8.0.34
2026-08-13T13:15:02.688+05:30 DEBUG 14908 --- [QuizApp] [restartedMain] o.h.e.j.env.spi.IdentifierHelperBuilder  : IdentifierCaseStrategy for both quoted and unquoted identifiers was set to the same strategy [LOWER]; that will likely lead to problems in schema update and validation if using quoted identifiers
2026-08-13T13:15:02.697+05:30 DEBUG 14908 --- [QuizApp] [restartedMain] org.hibernate.orm.jdbc                   : HHH100122: Using default JDBC fetch size: 0
2026-08-13T13:15:02.706+05:30  INFO 14908 --- [QuizApp] [restartedMain] org.hibernate.orm.connections.pooling    : HHH10001005: Database info:
	Database JDBC URL [jdbc:mysql://localhost:3308/mydbs]
	Database driver: MySQL Connector/J
	Database dialect: MySQLDialect
	Database version: 8.0.34
	Default catalog/schema: mydbs/undefined
	Autocommit mode: undefined/unknown
	Isolation level: REPEATABLE_READ [default REPEATABLE_READ]
	JDBC fetch size: none
	Pool: DataSourceConnectionProvider
	Minimum pool size: undefined/unknown
	Maximum pool size: undefined/unknown
2026-08-13T13:15:02.932+05:30  INFO 16708 --- [QuizApp] [restartedMain] o.s.boot.tomcat.TomcatWebServer          : Tomcat started on port 8080 (http) with context path '/'
2026-08-13T13:15:02.942+05:30  INFO 16708 --- [QuizApp] [restartedMain] com.java.quiz.QuizAppApplication         : Started QuizAppApplication in 5.916 seconds (process running for 6.49)
2026-08-13T13:15:02.995+05:30 DEBUG 14908 --- [QuizApp] [restartedMain] org.hibernate.orm.factory                : HHH90020001: Instantiating factory [30759431-af06-4d0e-a151-1cb2d6cfc573] with settings: {java.specification.version=22, sun.cpu.isalist=amd64, hibernate.resource.beans.container=org.springframework.orm.jpa.hibernate.SpringBeanContainer@2f238ab1, hibernate.connection.handling_mode=DELAYED_ACQUISITION_AND_HOLD, sun.jnu.encoding=Cp1252, hibernate.implicit_naming_strategy=org.springframework.boot.hibernate.SpringImplicitNamingStrategy, java.class.path=D:\SPRINGBOOT2026\QuizApp\target\classes;C:\Users\Ravikant Turi\.m2\repository\org\springframework\boot\spring-boot-starter-data-jpa\4.1.0\spring-boot-starter-data-jpa-4.1.0.jar;C:\Users\Ravikant Turi\.m2\repository\org\springframework\boot\spring-boot-starter\4.1.0\spring-boot-starter-4.1.0.jar;C:\Users\Ravikant Turi\.m2\repository\org\springframework\boot\spring-boot-starter-logging\4.1.0\spring-boot-starter-logging-4.1.0.jar;C:\Users\Ravikant Turi\.m2\repository\ch\qos\logback\logback-classic\1.5.34\logback-classic-1.5.34.jar;C:\Users\Ravikant Turi\.m2\repository\ch\qos\logback\logback-core\1.5.34\logback-core-1.5.34.jar;C:\Users\Ravikant Turi\.m2\repository\org\apache\logging\log4j\log4j-to-slf4j\2.25.4\log4j-to-slf4j-2.25.4.jar;C:\Users\Ravikant Turi\.m2\repository\org\apache\logging\log4j\log4j-api\2.25.4\log4j-api-2.25.4.jar;C:\Users\Ravikant Turi\.m2\repository\org\slf4j\jul-to-slf4j\2.0.18\jul-to-slf4j-2.0.18.jar;C:\Users\Ravikant Turi\.m2\repository\jakarta\annotation\jakarta.annotation-api\3.0.0\jakarta.annotation-api-3.0.0.jar;C:\Users\Ravikant Turi\.m2\repository\org\yaml\snakeyaml\2.6\snakeyaml-2.6.jar;C:\Users\Ravikant Turi\.m2\repository\org\springframework\boot\spring-boot-starter-jdbc\4.1.0\spring-boot-starter-jdbc-4.1.0.jar;C:\Users\Ravikant Turi\.m2\repository\com\zaxxer\HikariCP\7.0.2\HikariCP-7.0.2.jar;C:\Users\Ravikant Turi\.m2\repository\org\slf4j\slf4j-api\2.0.18\slf4j-api-2.0.18.jar;C:\Users\Ravikant Turi\.m2\repository\org\springframework\boot\spring-boot-data-jpa\4.1.0\spring-boot-data-jpa-4.1.0.jar;C:\Users\Ravikant Turi\.m2\repository\org\springframework\boot\spring-boot-data-commons\4.1.0\spring-boot-data-commons-4.1.0.jar;C:\Users\Ravikant Turi\.m2\repository\org\springframework\boot\spring-boot-persistence\4.1.0\spring-boot-persistence-4.1.0.jar;C:\Users\Ravikant Turi\.m2\repository\org\springframework\data\spring-data-commons\4.1.0\spring-data-commons-4.1.0.jar;C:\Users\Ravikant Turi\.m2\repository\org\springframework\boot\spring-boot-hibernate\4.1.0\spring-boot-hibernate-4.1.0.jar;C:\Users\Ravikant Turi\.m2\repository\org\springframework\boot\spring-boot-jpa\4.1.0\spring-boot-jpa-4.1.0.jar;C:\Users\Ravikant Turi\.m2\repository\jakarta\persistence\jakarta.persistence-api\3.2.0\jakarta.persistence-api-3.2.0.jar;C:\Users\Ravikant Turi\.m2\repository\org\hibernate\orm\hibernate-core\7.4.1.Final\hibernate-core-7.4.1.Final.jar;C:\Users\Ravikant Turi\.m2\repository\jakarta\transaction\jakarta.transaction-api\2.0.1\jakarta.transaction-api-2.0.1.jar;C:\Users\Ravikant Turi\.m2\repository\org\jboss\logging\jboss-logging\3.6.3.Final\jboss-logging-3.6.3.Final.jar;C:\Users\Ravikant Turi\.m2\repository\org\hibernate\models\hibernate-models\1.1.1\hibernate-models-1.1.1.jar;C:\Users\Ravikant Turi\.m2\repository\org\glassfish\jaxb\jaxb-runtime\4.0.9\jaxb-runtime-4.0.9.jar;C:\Users\Ravikant Turi\.m2\repository\org\glassfish\jaxb\jaxb-core\4.0.9\jaxb-core-4.0.9.jar;C:\Users\Ravikant Turi\.m2\repository\org\eclipse\angus\angus-activation\2.0.3\angus-activation-2.0.3.jar;C:\Users\Ravikant Turi\.m2\repository\org\glassfish\jaxb\txw2\4.0.9\txw2-4.0.9.jar;C:\Users\Ravikant Turi\.m2\repository\com\sun\istack\istack-commons-runtime\4.1.2\istack-commons-runtime-4.1.2.jar;C:\Users\Ravikant Turi\.m2\repository\jakarta\inject\jakarta.inject-api\2.0.1\jakarta.inject-api-2.0.1.jar;C:\Users\Ravikant Turi\.m2\repository\org\springframework\spring-orm\7.0.8\spring-orm-7.0.8.jar;C:\Users\Ravikant Turi\.m2\repository\org\springframework\data\spring-data-jpa\4.1.0\spring-data-jpa-4.1.0.jar;C:\Users\Ravikant Turi\.m2\repository\org\springframework\spring-aop\7.0.8\spring-aop-7.0.8.jar;C:\Users\Ravikant Turi\.m2\repository\org\springframework\spring-tx\7.0.8\spring-tx-7.0.8.jar;C:\Users\Ravikant Turi\.m2\repository\org\springframework\spring-beans\7.0.8\spring-beans-7.0.8.jar;C:\Users\Ravikant Turi\.m2\repository\org\antlr\antlr4-runtime\4.13.2\antlr4-runtime-4.13.2.jar;C:\Users\Ravikant Turi\.m2\repository\org\springframework\spring-aspects\7.0.8\spring-aspects-7.0.8.jar;C:\Users\Ravikant Turi\.m2\repository\org\aspectj\aspectjweaver\1.9.25.1\aspectjweaver-1.9.25.1.jar;C:\Users\Ravikant Turi\.m2\repository\org\springframework\boot\spring-boot-jdbc\4.1.0\spring-boot-jdbc-4.1.0.jar;C:\Users\Ravikant Turi\.m2\repository\org\springframework\boot\spring-boot-sql\4.1.0\spring-boot-sql-4.1.0.jar;C:\Users\Ravikant Turi\.m2\repository\org\springframework\boot\spring-boot-transaction\4.1.0\spring-boot-transaction-4.1.0.jar;C:\Users\Ravikant Turi\.m2\repository\org\springframework\spring-jdbc\7.0.8\spring-jdbc-7.0.8.jar;C:\Users\Ravikant Turi\.m2\repository\org\springframework\boot\spring-boot-starter-webmvc\4.1.0\spring-boot-starter-webmvc-4.1.0.jar;C:\Users\Ravikant Turi\.m2\repository\org\springframework\boot\spring-boot-starter-jackson\4.1.0\spring-boot-starter-jackson-4.1.0.jar;C:\Users\Ravikant Turi\.m2\repository\org\springframework\boot\spring-boot-jackson\4.1.0\spring-boot-jackson-4.1.0.jar;C:\Users\Ravikant Turi\.m2\repository\tools\jackson\core\jackson-databind\3.1.4\jackson-databind-3.1.4.jar;C:\Users\Ravikant Turi\.m2\repository\com\fasterxml\jackson\core\jackson-annotations\2.21\jackson-annotations-2.21.jar;C:\Users\Ravikant Turi\.m2\repository\tools\jackson\core\jackson-core\3.1.4\jackson-core-3.1.4.jar;C:\Users\Ravikant Turi\.m2\repository\org\springframework\boot\spring-boot-starter-tomcat\4.1.0\spring-boot-starter-tomcat-4.1.0.jar;C:\Users\Ravikant Turi\.m2\repository\org\springframework\boot\spring-boot-starter-tomcat-runtime\4.1.0\spring-boot-starter-tomcat-runtime-4.1.0.jar;C:\Users\Ravikant Turi\.m2\repository\org\apache\tomcat\embed\tomcat-embed-core\11.0.22\tomcat-embed-core-11.0.22.jar;C:\Users\Ravikant Turi\.m2\repository\org\apache\tomcat\embed\tomcat-embed-el\11.0.22\tomcat-embed-el-11.0.22.jar;C:\Users\Ravikant Turi\.m2\repository\org\apache\tomcat\embed\tomcat-embed-websocket\11.0.22\tomcat-embed-websocket-11.0.22.jar;C:\Users\Ravikant Turi\.m2\repository\org\springframework\boot\spring-boot-tomcat\4.1.0\spring-boot-tomcat-4.1.0.jar;C:\Users\Ravikant Turi\.m2\repository\org\springframework\boot\spring-boot-http-converter\4.1.0\spring-boot-http-converter-4.1.0.jar;C:\Users\Ravikant Turi\.m2\repository\org\springframework\spring-web\7.0.8\spring-web-7.0.8.jar;C:\Users\Ravikant Turi\.m2\repository\io\micrometer\micrometer-observation\1.17.0\micrometer-observation-1.17.0.jar;C:\Users\Ravikant Turi\.m2\repository\io\micrometer\micrometer-commons\1.17.0\micrometer-commons-1.17.0.jar;C:\Users\Ravikant Turi\.m2\repository\org\springframework\boot\spring-boot-webmvc\4.1.0\spring-boot-webmvc-4.1.0.jar;C:\Users\Ravikant Turi\.m2\repository\org\springframework\boot\spring-boot-servlet\4.1.0\spring-boot-servlet-4.1.0.jar;C:\Users\Ravikant Turi\.m2\repository\org\springframework\spring-webmvc\7.0.8\spring-webmvc-7.0.8.jar;C:\Users\Ravikant Turi\.m2\repository\org\springframework\spring-expression\7.0.8\spring-expression-7.0.8.jar;C:\Users\Ravikant Turi\.m2\repository\org\modelmapper\modelmapper\3.2.1\modelmapper-3.2.1.jar;C:\Users\Ravikant Turi\.m2\repository\org\springframework\boot\spring-boot-devtools\4.1.0\spring-boot-devtools-4.1.0.jar;C:\Users\Ravikant Turi\.m2\repository\org\springframework\boot\spring-boot\4.1.0\spring-boot-4.1.0.jar;C:\Users\Ravikant Turi\.m2\repository\org\springframework\spring-core\7.0.8\spring-core-7.0.8.jar;C:\Users\Ravikant Turi\.m2\repository\commons-logging\commons-logging\1.3.6\commons-logging-1.3.6.jar;C:\Users\Ravikant Turi\.m2\repository\org\jspecify\jspecify\1.0.0\jspecify-1.0.0.jar;C:\Users\Ravikant Turi\.m2\repository\org\springframework\spring-context\7.0.8\spring-context-7.0.8.jar;C:\Users\Ravikant Turi\.m2\repository\org\springframework\boot\spring-boot-autoconfigure\4.1.0\spring-boot-autoconfigure-4.1.0.jar;C:\Users\Ravikant Turi\.m2\repository\com\mysql\mysql-connector-j\9.7.0\mysql-connector-j-9.7.0.jar;C:\Users\Ravikant Turi\.m2\repository\org\projectlombok\lombok\1.18.46\lombok-1.18.46.jar;C:\Users\Ravikant Turi\.m2\repository\jakarta\xml\bind\jakarta.xml.bind-api\4.0.5\jakarta.xml.bind-api-4.0.5.jar;C:\Users\Ravikant Turi\.m2\repository\jakarta\activation\jakarta.activation-api\2.1.4\jakarta.activation-api-2.1.4.jar;C:\Users\Ravikant Turi\.m2\repository\net\bytebuddy\byte-buddy\1.18.10\byte-buddy-1.18.10.jar;C:\Users\Ravikant Turi\.m2\repository\org\springframework\boot\spring-boot-web-server\4.1.0\spring-boot-web-server-4.1.0.jar, java.vm.vendor=Oracle Corporation, sun.arch.data.model=64, user.variant=, java.vendor.url=https://java.oracle.com/, catalina.useNaming=false, user.timezone=Asia/Calcutta, jakarta.persistence.sharedCache.mode=UNSPECIFIED, org.jboss.logging.provider=slf4j, java.vm.specification.version=22, os.name=Windows 11, APPLICATION_NAME=QuizApp, jakarta.persistence.nonJtaDataSource=HikariDataSource (HikariPool-1), sun.java.launcher=SUN_STANDARD, user.country=IN, sun.boot.library.path=C:\Program Files\Java\jdk-22\bin, sun.java.command=com.java.quiz.QuizAppApplication, javax.persistence.nonJtaDataSource=HikariDataSource (HikariPool-1), jdk.debug=release, sun.cpu.endian=little, hibernate.cdi.extensions=true, user.home=C:\Users\Ravikant Turi, user.language=en, sun.stderr.encoding=UTF-8, java.specification.vendor=Oracle Corporation, java.version.date=2024-03-19, java.home=C:\Program Files\Java\jdk-22, file.separator=\, java.vm.compressedOopsMode=32-bit, sun.stdout.encoding=UTF-8, line.separator=
, hibernate.persistenceUnitName=default, java.vm.specification.vendor=Oracle Corporation, java.specification.name=Java Platform API Specification, FILE_LOG_CHARSET=UTF-8, hibernate.transaction.coordinator_class=class org.hibernate.resource.transaction.backend.jdbc.internal.JdbcResourceLocalTransactionCoordinatorBuilderImpl, java.awt.headless=true, jakarta.persistence.validation.mode=AUTO, hibernate.hbm2ddl.auto=update, user.script=, sun.management.compiler=HotSpot 64-Bit Tiered Compilers, java.runtime.version=22+36-2370, user.name=Ravikant Turi, stdout.encoding=UTF-8, path.separator=;, os.version=10.0, java.runtime.name=Java(TM) SE Runtime Environment, file.encoding=UTF-8, java.vm.name=Java HotSpot(TM) 64-Bit Server VM, hibernate.show_sql=true, LOG_FILE=application.log, java.vendor.url.bug=https://bugreport.java.com/bugreport/, java.io.tmpdir=C:\Users\RAVIKA~1\AppData\Local\Temp\, catalina.home=C:\Users\Ravikant Turi\AppData\Local\Temp\tomcat.8080.8456396660157406844, java.version=22, hibernate.physical_naming_strategy=org.hibernate.boot.model.naming.PhysicalNamingStrategySnakeCaseImpl, user.dir=D:\SPRINGBOOT2026\QuizApp, os.arch=amd64, java.vm.specification.name=Java Virtual Machine Specification, PID=14908, sun.os.patch.level=, CONSOLE_LOG_CHARSET=windows-1252, catalina.base=C:\Users\Ravikant Turi\AppData\Local\Temp\tomcat.8080.8456396660157406844, hibernate.boot.CfgXmlAccessService.key=org.hibernate.boot.registry.StandardServiceRegistryBuilder$1@4b9062e4, native.encoding=Cp1252, java.library.path=C:\Program Files\Java\jdk-22\bin;C:\WINDOWS\Sun\Java\bin;C:\WINDOWS\system32;C:\WINDOWS;C:\Users\Ravikant Turi\AppData\Local\Programs\Python\Python312\Scripts\;C:\Users\Ravikant Turi\AppData\Local\Programs\Python\Python312\;C:\Program Files\Common Files\Oracle\Java\javapath;C:\windows\system32;C:\windows;C:\windows\System32\Wbem;C:\windows\System32\WindowsPowerShell\v1.0\;C:\windows\System32\OpenSSH\;C:\Program Files (x86)\NVIDIA Corporation\PhysX\Common;C:\Program Files\NVIDIA Corporation\NVIDIA NvDLISR;C:\WINDOWS\system32;C:\WINDOWS;C:\WINDOWS\System32\Wbem;C:\WINDOWS\System32\WindowsPowerShell\v1.0\;C:\WINDOWS\System32\OpenSSH\;C:\Program Files (x86)\Dev-Cpp\MinGW64\bin;C:\Program Files\Java\jdk-19\bin;C:\ProgramData\chocolatey\bin;C:\GRADLE\gradle-7.6.4\bin;C:\Program Files\Git\cmd;C:\apache-jmeter-5.6.3\bin;C:\Program Files\nodejs\;C:\Users\Ravikant Turi\anaconda3;C:\Users\Ravikant Turi\anaconda3\Library\mingw-w64\bin;C:\Users\Ravikant Turi\anaconda3\Library\usr\bin;C:\Users\Ravikant Turi\anaconda3\Library\bin;C:\Users\Ravikant Turi\anaconda3\Scripts;C:\Users\Ravikant Turi\anaconda3\anakonda\ravi;C:\Users\Ravikant Turi\anaconda3\anakonda\ravi\Library\mingw-w64\bin;C:\Users\Ravikant Turi\anaconda3\anakonda\ravi\Library\usr\bin;C:\Users\Ravikant Turi\anaconda3\anakonda\ravi\Library\bin;C:\Users\Ravikant Turi\anaconda3\anakonda\ravi\Scripts;C:\Users\Ravikant Turi\AppData\Local\Microsoft\WindowsApps;C:\Program Files\JetBrains\IntelliJ IDEA Community Edition 2023.3.4\bin;;C:\Program Files\MinGW\bin;C:\Program Files\JetBrains\IntelliJ IDEA 2023.3.4\bin;;C:\Program Files\Java\jdk-19\bin;C:\Program Files\Java\jdk-22\bin;C:\Users\Ravikant Turi\AppData\Local\Programs\mongosh\;C:\Users\Ravikant Turi\AppData\Local\Programs\Microsoft VS Code\bin;C:\Users\Ravikant Turi\AppData\Roaming\npm;C:\Users\Ravikant Turi\AppData\Local\GitHubDesktop\bin;., stderr.encoding=UTF-8, java.vendor=Oracle Corporation, java.vm.info=mixed mode, sharing, java.vm.version=22+36-2370, sun.io.unicode.encoding=UnicodeLittle, hibernate.archive.scanner=org.hibernate.boot.archive.scan.internal.DisabledScanner, hibernate.connection.datasource=HikariDataSource (HikariPool-1), java.class.version=66.0, LOGGED_APPLICATION_NAME=[QuizApp] }
2026-08-13T13:15:03.093+05:30 DEBUG 14908 --- [QuizApp] [restartedMain] org.hibernate.HQL_FUNCTIONS              : Available HQL Functions:
	abs(NUMERIC arg)
	Double acos(NUMERIC arg)
	adddate(DATE datetime, INTEGER days)
	addtime(TIME datetime, TIME time)
	Boolean any(BOOLEAN arg)
	Integer ascii(STRING arg)
	Double asin(NUMERIC arg)
	Double atan(NUMERIC arg)
	Double atan2(NUMERIC arg0, NUMERIC arg1)
	avg(arg)
	bit_and(arg)
	Integer bit_length(STRING_OR_CLOB arg)
	bit_or(arg)
	bitand(arg0, arg1)
	bitnot(arg)
	bitor(arg0, arg1)
	bitxor(arg0, arg1)
	cast(arg as Type)
	ceiling(NUMERIC arg)
	Object changesetid(arg)
	Character char(INTEGER arg)
	Integer character_length(STRING_OR_CLOB arg)
	Character chr(INTEGER arg)
	coalesce(arg0[, arg1[, ...]])
	String collate(STRING string as COLLATION collation)
	String concat(STRING string0[, STRING string1[, ...]])
	Double cos(NUMERIC arg)
	Double cosh(NUMERIC arg)
	Double cot(NUMERIC arg)
	Long count([distinct ]{arg|*})
	Integer crc32(arg)
	Double cume_dist([arg0[, ...]])
	Date curdate()
	Date current date
	Date current time
	Date current timestamp
	Date current_date
	Instant current_instant
	Date current_time
	Date current_timestamp
	Date curtime()
	Date date(arg)
	dateadd(TEMPORAL_UNIT field, INTEGER magnitude, TEMPORAL datetime)
	Integer datediff(DATE end, DATE start)
	Integer day(DATE arg)
	String dayname(DATE arg)
	Integer dayofmonth(DATE arg)
	Integer dayofweek(DATE arg)
	Integer dayofyear(DATE arg)
	Double degrees(NUMERIC arg)
	Long dense_rank([arg0[, ...]])
	Boolean every(BOOLEAN arg)
	Double exp(NUMERIC arg)
	extract(TEMPORAL_UNIT field from TEMPORAL arg)
	first_valueANY value
	floor(NUMERIC arg)
	String format(TEMPORAL datetime as STRING pattern)
	greatest(COMPARABLE arg0, COMPARABLE arg1[, arg2[, ...]])
	String hex(arg)
	Integer hour(TIME arg)
	ifnull(arg0, arg1)
	String insert(STRING string, INTEGER start, INTEGER length, STRING replacement)
	Instant instant
	Integer instr(STRING string, STRING pattern[, INTEGER start[, INTEGER occurrence]])
	String json_array([arg0[, ...]])
	String json_array_append(IMPLICIT_JSON arg0, STRING arg1, ANY arg2)
	String json_array_insert(IMPLICIT_JSON arg0, STRING arg1, ANY arg2)
	String json_arrayagg(arg0[, arg1])
	Boolean json_exists(IMPLICIT_JSON arg0, STRING arg1)
	String json_insert(IMPLICIT_JSON arg0, STRING arg1, ANY arg2)
	String json_mergepatch(IMPLICIT_JSON arg0, IMPLICIT_JSON arg1[, arg2[, ...]])
	String json_object( ... )
	String json_objectagg(arg0, arg1[, arg2, arg3])
	String json_query( ... )
	String json_remove(IMPLICIT_JSON arg0, STRING arg1)
	String json_replace(IMPLICIT_JSON arg0, STRING arg1, ANY arg2)
	String json_set(IMPLICIT_JSON arg0, STRING arg1, ANY arg2)
	json_value( ... )
	lagANY value[, INTEGER offset[, ANY default]]
	Date last_day(DATE arg)
	last_valueANY value
	leadANY value[, INTEGER offset[, ANY default]]
	least(COMPARABLE arg0, COMPARABLE arg1[, arg2[, ...]])
	String left(STRING string, INTEGER length)
	Integer length(STRING_OR_CLOB arg)
	String listagg(STRING arg0, STRING arg1)
	Double ln(NUMERIC arg)
	LocalDate local date
	LocalDateTime local datetime
	LocalTime local time
	LocalDate local_date
	LocalDateTime local_datetime
	LocalTime local_time
	Date localtime
	Date localtimestamp
	Integer locate(STRING pattern, STRING string[, INTEGER start])
	Double log(NUMERIC arg0[, NUMERIC arg1])
	Double log10(NUMERIC arg)
	Double log2(NUMERIC arg)
	String lower(STRING string)
	String lpad(string, length[, padding])
	String ltrim(STRING string[, STRING characters])
	Date makedate(INTEGER year, INTEGER dayofyear)
	Date maketime(INTEGER hour, INTEGER min, INTEGER sec)
	max(COMPARABLE arg)
	byte[] md5(arg)
	Integer microsecond(TIME arg)
	min(COMPARABLE arg)
	Integer minute(TIME arg)
	Integer mod(INTEGER arg0, INTEGER arg1)
	ModificationType modificationtype(arg)
	Integer month(DATE arg)
	String monthname(DATE arg)
	Date now()
	nth_valueANY value, INTEGER nth
	nullif(arg0, arg1)
	Integer octet_length(STRING_OR_CLOB arg)
	OffsetDateTime offset datetime
	OffsetDateTime offset_datetime
	Integer ordinal(ENUM arg)
	String overlay(STRING string placing STRING replacement from INTEGER start[ for INTEGER length])
	String pad(STRING string with INTEGER length {leading|trailing}[ STRING character])
	Double percent_rank([arg0[, ...]])
	Double pi
	Integer position(STRING pattern in STRING string)
	Double power(NUMERIC arg0, NUMERIC arg1)
	Integer quarter(DATE arg)
	Double radians(NUMERIC arg)
	Double rand([INTEGER seed])
	Long rank([arg0[, ...]])
	Boolean regexp_like(STRING arg0, STRING arg1[, STRING arg2])
	String repeat(STRING string, INTEGER times)
	String replace(STRING string, STRING pattern, STRING replacement)
	String reverse(STRING arg)
	String right(STRING string, INTEGER length)
	round(NUMERIC number[, INTEGER places])
	Long row_number()
	String rpad(string, length[, padding])
	String rtrim(STRING string[, STRING characters])
	Integer second(TIME arg)
	byte[] sha(arg)
	String sha1(arg)
	String sha2(arg0, arg1)
	Integer sign(NUMERIC arg)
	Double sin(NUMERIC arg)
	Double sinh(NUMERIC arg)
	String soundex(arg)
	String space(INTEGER arg)
	sql
	Double sqrt(NUMERIC arg)
	Double stddev(NUMERIC arg)
	Double stddev_pop(NUMERIC arg)
	Double stddev_samp(NUMERIC arg)
	String str(arg)
	String string(ENUM arg)
	subdate(DATE datetime, INTEGER days)
	String substr(STRING string, INTEGER start[, INTEGER length])
	String substring(STRING string{ from|,} INTEGER start[{ for|,} INTEGER length])
	subtime(TIME datetime, TIME time)
	sum(arg)
	Date sysdate()
	Double tan(NUMERIC arg)
	Double tanh(NUMERIC arg)
	String time(arg)
	Date timestamp(arg0[, arg1])
	timestampadd(TEMPORAL_UNIT field, INTEGER magnitude, TEMPORAL datetime)
	Long|Double timestampdiff(TEMPORAL_UNIT field, TEMPORAL start, TEMPORAL end)
	String trim([[{leading|trailing|both} ][STRING arg0 ]from] STRING arg1)
	trunc( ... )
	truncate( ... )
	String upper(STRING string)
	Date utc_date
	Date utc_time
	Date utc_timestamp
	Double var_pop(NUMERIC arg)
	Double var_samp(NUMERIC arg)
	Double variance(NUMERIC arg)
	Integer week(DATE arg)
	Integer year(DATE arg)

2026-08-13T13:15:03.391+05:30 DEBUG 14908 --- [QuizApp] [restartedMain] org.hibernate.orm.core                   : HHH000513: Unable to create the ReflectionOptimizer for [com.java.quiz.model.Question]: private accessor [category]
2026-08-13T13:15:03.534+05:30  INFO 14908 --- [QuizApp] [restartedMain] org.hibernate.orm.core                   : HHH000489: No JTA platform available (set 'hibernate.transaction.jta.platform' to enable JTA platform integration)
2026-08-13T13:15:03.539+05:30 DEBUG 14908 --- [QuizApp] [restartedMain] org.hibernate.orm.service                : HHH010454: EventListenerRegistry access via ServiceRegistry is deprecated - use 'sessionFactory.getEventEngine().getListenerRegistry()' instead
2026-08-13T13:15:03.587+05:30 DEBUG 14908 --- [QuizApp] [restartedMain] org.hibernate.mapping.Table              : No alter strings for table: question
2026-08-13T13:15:03.587+05:30 DEBUG 14908 --- [QuizApp] [restartedMain] org.hibernate.orm.factoryRegistry        : HHH020384: Registering SessionFactory [30759431-af06-4d0e-a151-1cb2d6cfc573] (default)
2026-08-13T13:15:03.587+05:30  INFO 14908 --- [QuizApp] [restartedMain] j.LocalContainerEntityManagerFactoryBean : Initialized JPA EntityManagerFactory for persistence unit 'default'
2026-08-13T13:15:03.654+05:30  INFO 14908 --- [QuizApp] [restartedMain] o.s.d.j.r.query.QueryEnhancerFactories   : Hibernate is in classpath; If applicable, HQL parser will be used.
2026-08-13T13:15:03.762+05:30  WARN 14908 --- [QuizApp] [restartedMain] JpaBaseConfiguration$JpaWebConfiguration : spring.jpa.open-in-view is enabled by default. Therefore, database queries may be performed during view rendering. Explicitly configure spring.jpa.open-in-view to disable this warning
2026-08-13T13:15:04.014+05:30  WARN 14908 --- [QuizApp] [restartedMain] ConfigServletWebServerApplicationContext : Exception encountered during context initialization - cancelling refresh attempt: org.springframework.context.ApplicationContextException: Failed to start bean 'webServerStartStop'
2026-08-13T13:15:04.015+05:30  INFO 14908 --- [QuizApp] [restartedMain] j.LocalContainerEntityManagerFactoryBean : Closing JPA EntityManagerFactory for persistence unit 'default'
2026-08-13T13:15:04.016+05:30 DEBUG 14908 --- [QuizApp] [restartedMain] org.hibernate.orm.factory                : HHH90020005: Closing factory [30759431-af06-4d0e-a151-1cb2d6cfc573]
2026-08-13T13:15:04.018+05:30  INFO 14908 --- [QuizApp] [restartedMain] com.zaxxer.hikari.HikariDataSource       : HikariPool-1 - Shutdown initiated...
2026-08-13T13:15:04.026+05:30  INFO 14908 --- [QuizApp] [restartedMain] com.zaxxer.hikari.HikariDataSource       : HikariPool-1 - Shutdown completed.
2026-08-13T13:15:04.039+05:30  INFO 14908 --- [QuizApp] [restartedMain] .s.b.a.l.ConditionEvaluationReportLogger : 

Error starting ApplicationContext. To display the condition evaluation report re-run your application with 'debug' enabled.
2026-08-13T13:15:04.054+05:30 ERROR 14908 --- [QuizApp] [restartedMain] o.s.b.d.LoggingFailureAnalysisReporter   : 

***************************
APPLICATION FAILED TO START
***************************

Description:

Web server failed to start. Port 8080 was already in use.

Action:

Identify and stop the process that's listening on port 8080 or configure this application to listen on another port.

2026-08-13T13:15:15.082+05:30  INFO 16708 --- [QuizApp] [http-nio-8080-exec-2] o.a.c.c.C.[Tomcat].[localhost].[/]       : Initializing Spring DispatcherServlet 'dispatcherServlet'
2026-08-13T13:15:15.083+05:30  INFO 16708 --- [QuizApp] [http-nio-8080-exec-2] o.s.web.servlet.DispatcherServlet        : Initializing Servlet 'dispatcherServlet'
2026-08-13T13:15:15.084+05:30  INFO 16708 --- [QuizApp] [http-nio-8080-exec-2] o.s.web.servlet.DispatcherServlet        : Completed initialization in 1 ms
2026-08-13T13:15:15.106+05:30 DEBUG 16708 --- [QuizApp] [http-nio-8080-exec-2] org.hibernate.orm.core                   : HHH006588: Opening session [tenant=null]
2026-08-13T13:15:15.300+05:30 DEBUG 16708 --- [QuizApp] [http-nio-8080-exec-2] org.hibernate.orm.core                   : HHH006583: Beginning transaction
2026-08-13T13:15:15.331+05:30 DEBUG 16708 --- [QuizApp] [http-nio-8080-exec-2] org.hibernate.SQL                        : select q1_0.id,q1_0.category,q1_0.content,q1_0.correct_ans,q1_0.created_at,q1_0.difficulty_level,q1_0.is_deleted,q1_0.optiona,q1_0.optionb,q1_0.optionc,q1_0.optiond,q1_0.question_id,q1_0.updated_at from question q1_0 where q1_0.id=?
2026-08-13T13:15:15.356+05:30 DEBUG 16708 --- [QuizApp] [http-nio-8080-exec-2] org.hibernate.SQL                        : select q1_0.id,q1_0.category,q1_0.content,q1_0.correct_ans,q1_0.created_at,q1_0.difficulty_level,q1_0.is_deleted,q1_0.optiona,q1_0.optionb,q1_0.optionc,q1_0.optiond,q1_0.question_id,q1_0.updated_at from question q1_0 where q1_0.id=?
2026-08-13T13:15:15.360+05:30 DEBUG 16708 --- [QuizApp] [http-nio-8080-exec-2] org.hibernate.orm.core                   : HHH006585: Rolling back transaction
2026-08-13T13:15:15.414+05:30  WARN 16708 --- [QuizApp] [http-nio-8080-exec-2] .m.m.a.ExceptionHandlerExceptionResolver : Resolved [org.springframework.orm.ObjectOptimisticLockingFailureException: Row was already updated or deleted by another transaction for entity [com.java.quiz.model.Question with id '781']]
2026-08-13T13:15:15.415+05:30 DEBUG 16708 --- [QuizApp] [http-nio-8080-exec-2] org.hibernate.session.metrics            : HHH000401: Logging session metrics:
	686200 ns acquiring 1 JDBC connections
	0 ns releasing 0 JDBC connections
	2190700 ns preparing 2 JDBC statements
	3811500 ns executing 2 JDBC statements
	0 ns executing 0 JDBC batches
	0 ns performing 0 second-level cache puts
	0 ns performing 0 second-level cache hits
	0 ns performing 0 second-level cache misses
	0 ns executing 0 flushes (flushing a total of 0 entities and 0 collections)
	0 ns executing 0 pre-partial-flushes
	0 ns executing 0 partial-flushes (flushing a total of 0 entities and 0 collections)

2026-08-13T13:16:56.201+05:30  INFO 16708 --- [QuizApp] [SpringApplicationShutdownHook] o.s.boot.tomcat.GracefulShutdown         : Commencing graceful shutdown. Waiting for active requests to complete
2026-08-13T13:16:56.216+05:30  INFO 16708 --- [QuizApp] [tomcat-shutdown] o.s.boot.tomcat.GracefulShutdown         : Graceful shutdown complete
2026-08-13T13:16:56.218+05:30  INFO 16708 --- [QuizApp] [SpringApplicationShutdownHook] j.LocalContainerEntityManagerFactoryBean : Closing JPA EntityManagerFactory for persistence unit 'default'
2026-08-13T13:16:56.219+05:30 DEBUG 16708 --- [QuizApp] [SpringApplicationShutdownHook] org.hibernate.orm.factory                : HHH90020005: Closing factory [52189e87-5562-4a9d-8000-4d1f449b8a9d]
2026-08-13T13:16:56.222+05:30  INFO 16708 --- [QuizApp] [SpringApplicationShutdownHook] com.zaxxer.hikari.HikariDataSource       : HikariPool-1 - Shutdown initiated...
2026-08-13T13:16:56.228+05:30  INFO 16708 --- [QuizApp] [SpringApplicationShutdownHook] com.zaxxer.hikari.HikariDataSource       : HikariPool-1 - Shutdown completed.
2026-08-13T13:16:58.492+05:30  INFO 16884 --- [QuizApp] [restartedMain] com.java.quiz.QuizAppApplication         : Starting QuizAppApplication using Java 22 with PID 16884 (D:\SPRINGBOOT2026\QuizApp\target\classes started by Ravikant Turi in D:\SPRINGBOOT2026\QuizApp)
2026-08-13T13:16:58.496+05:30  INFO 16884 --- [QuizApp] [restartedMain] com.java.quiz.QuizAppApplication         : No active profile set, falling back to 1 default profile: "default"
2026-08-13T13:16:58.542+05:30  INFO 16884 --- [QuizApp] [restartedMain] .e.DevToolsPropertyDefaultsPostProcessor : Devtools property defaults active! Set 'spring.devtools.add-properties' to 'false' to disable
2026-08-13T13:16:58.544+05:30  INFO 16884 --- [QuizApp] [restartedMain] .e.DevToolsPropertyDefaultsPostProcessor : For additional web related logging consider setting the 'logging.level.web' property to 'DEBUG'
2026-08-13T13:16:59.188+05:30  INFO 16884 --- [QuizApp] [restartedMain] .s.d.r.c.RepositoryConfigurationDelegate : Bootstrapping Spring Data JPA repositories in DEFAULT mode.
2026-08-13T13:16:59.255+05:30  INFO 16884 --- [QuizApp] [restartedMain] .s.d.r.c.RepositoryConfigurationDelegate : Finished Spring Data repository scanning in 57 ms. Found 1 JPA repository interface.
2026-08-13T13:16:59.796+05:30  INFO 16884 --- [QuizApp] [restartedMain] o.s.boot.tomcat.TomcatWebServer          : Tomcat initialized with port 8080 (http)
2026-08-13T13:16:59.812+05:30  INFO 16884 --- [QuizApp] [restartedMain] o.apache.catalina.core.StandardService   : Starting service [Tomcat]
2026-08-13T13:16:59.812+05:30  INFO 16884 --- [QuizApp] [restartedMain] o.apache.catalina.core.StandardEngine    : Starting Servlet engine: [Apache Tomcat/11.0.22]
2026-08-13T13:16:59.865+05:30  INFO 16884 --- [QuizApp] [restartedMain] b.w.c.s.WebApplicationContextInitializer : Root WebApplicationContext: initialization completed in 1321 ms
2026-08-13T13:17:00.075+05:30 DEBUG 16884 --- [QuizApp] [restartedMain] org.hibernate.orm.jpa                    : HHH008541: PersistenceUnitInfo [
	name: default
	persistence provider classname: null
	classloader: org.springframework.boot.devtools.restart.classloader.RestartClassLoader@78b1c8c8
	excludeUnlistedClasses: true
	JTA datasource: null
	Non JTA datasource: HikariDataSource (null)
	Transaction type: RESOURCE_LOCAL
	PU root URL: file:/D:/SPRINGBOOT2026/QuizApp/target/classes/
	Shared Cache Mode: UNSPECIFIED
	Validation Mode: AUTO
	Jar files URLs []
	Managed classes names [
		com.java.quiz.model.Question]
	Mapping files names []
	Properties []
2026-08-13T13:17:00.116+05:30 DEBUG 16884 --- [QuizApp] [restartedMain] org.hibernate.orm.service                : HHH010455: Adding integrator: org.hibernate.boot.beanvalidation.BeanValidationIntegrator
2026-08-13T13:17:00.120+05:30 DEBUG 16884 --- [QuizApp] [restartedMain] org.hibernate.orm.service                : HHH010455: Adding integrator: org.hibernate.cache.internal.CollectionCacheInvalidator
2026-08-13T13:17:00.162+05:30  INFO 16884 --- [QuizApp] [restartedMain] org.hibernate.orm.core                   : HHH000001: Hibernate ORM core version 7.4.1.Final
2026-08-13T13:17:00.163+05:30 DEBUG 16884 --- [QuizApp] [restartedMain] org.hibernate.orm.core                   : HHH000206: 'hibernate.properties' not found
2026-08-13T13:17:00.187+05:30 DEBUG 16884 --- [QuizApp] [restartedMain] org.hibernate.orm.cache                  : HHH90001031: Cannot default RegionFactory since no RegionFactory strategies were registered
2026-08-13T13:17:00.192+05:30 DEBUG 16884 --- [QuizApp] [restartedMain] org.hibernate.orm.cache                  : HHH90001029: Second-level cache disabled
2026-08-13T13:17:00.633+05:30  INFO 16884 --- [QuizApp] [restartedMain] o.s.o.j.p.SpringPersistenceUnitInfo      : No LoadTimeWeaver setup: ignoring JPA class transformer
2026-08-13T13:17:00.674+05:30  INFO 16884 --- [QuizApp] [restartedMain] com.zaxxer.hikari.HikariDataSource       : HikariPool-1 - Starting...
2026-08-13T13:17:01.073+05:30  INFO 16884 --- [QuizApp] [restartedMain] com.zaxxer.hikari.pool.HikariPool        : HikariPool-1 - Added connection com.mysql.cj.jdbc.ConnectionImpl@6b925399
2026-08-13T13:17:01.075+05:30  INFO 16884 --- [QuizApp] [restartedMain] com.zaxxer.hikari.HikariDataSource       : HikariPool-1 - Start completed.
2026-08-13T13:17:01.079+05:30 DEBUG 16884 --- [QuizApp] [restartedMain] org.hibernate.orm.jdbc                   : HHH100017: Database:
	name: MySQL
	version: 8.0.34
	major: 8
	minor: 0
2026-08-13T13:17:01.079+05:30 DEBUG 16884 --- [QuizApp] [restartedMain] org.hibernate.orm.jdbc                   : HHH100018: Driver:
	name: MySQL Connector/J
	version: mysql-connector-j-9.7.0 (Revision: 0aade1f13bcc98faf7dda5c02e782481eb291f62)
	major: 9
	minor: 7
	JDBC version: 4.2
2026-08-13T13:17:01.135+05:30 DEBUG 16884 --- [QuizApp] [restartedMain] org.hibernate.orm.dialect                : HHH035001: Using dialect: org.hibernate.dialect.MySQLDialect, version: 8.0.34
2026-08-13T13:17:01.138+05:30 DEBUG 16884 --- [QuizApp] [restartedMain] o.h.e.j.env.spi.IdentifierHelperBuilder  : IdentifierCaseStrategy for both quoted and unquoted identifiers was set to the same strategy [LOWER]; that will likely lead to problems in schema update and validation if using quoted identifiers
2026-08-13T13:17:01.147+05:30 DEBUG 16884 --- [QuizApp] [restartedMain] org.hibernate.orm.jdbc                   : HHH100122: Using default JDBC fetch size: 0
2026-08-13T13:17:01.155+05:30  INFO 16884 --- [QuizApp] [restartedMain] org.hibernate.orm.connections.pooling    : HHH10001005: Database info:
	Database JDBC URL [jdbc:mysql://localhost:3308/mydbs]
	Database driver: MySQL Connector/J
	Database dialect: MySQLDialect
	Database version: 8.0.34
	Default catalog/schema: mydbs/undefined
	Autocommit mode: undefined/unknown
	Isolation level: REPEATABLE_READ [default REPEATABLE_READ]
	JDBC fetch size: none
	Pool: DataSourceConnectionProvider
	Minimum pool size: undefined/unknown
	Maximum pool size: undefined/unknown
2026-08-13T13:17:01.427+05:30 DEBUG 16884 --- [QuizApp] [restartedMain] org.hibernate.orm.factory                : HHH90020001: Instantiating factory [07d3b2a0-aaf3-4e70-ac8f-50de6108c05e] with settings: {java.specification.version=22, sun.cpu.isalist=amd64, hibernate.resource.beans.container=org.springframework.orm.jpa.hibernate.SpringBeanContainer@2d788ebf, hibernate.connection.handling_mode=DELAYED_ACQUISITION_AND_HOLD, sun.jnu.encoding=Cp1252, hibernate.implicit_naming_strategy=org.springframework.boot.hibernate.SpringImplicitNamingStrategy, java.class.path=D:\SPRINGBOOT2026\QuizApp\target\classes;C:\Users\Ravikant Turi\.m2\repository\org\springframework\boot\spring-boot-starter-data-jpa\4.1.0\spring-boot-starter-data-jpa-4.1.0.jar;C:\Users\Ravikant Turi\.m2\repository\org\springframework\boot\spring-boot-starter\4.1.0\spring-boot-starter-4.1.0.jar;C:\Users\Ravikant Turi\.m2\repository\org\springframework\boot\spring-boot-starter-logging\4.1.0\spring-boot-starter-logging-4.1.0.jar;C:\Users\Ravikant Turi\.m2\repository\ch\qos\logback\logback-classic\1.5.34\logback-classic-1.5.34.jar;C:\Users\Ravikant Turi\.m2\repository\ch\qos\logback\logback-core\1.5.34\logback-core-1.5.34.jar;C:\Users\Ravikant Turi\.m2\repository\org\apache\logging\log4j\log4j-to-slf4j\2.25.4\log4j-to-slf4j-2.25.4.jar;C:\Users\Ravikant Turi\.m2\repository\org\apache\logging\log4j\log4j-api\2.25.4\log4j-api-2.25.4.jar;C:\Users\Ravikant Turi\.m2\repository\org\slf4j\jul-to-slf4j\2.0.18\jul-to-slf4j-2.0.18.jar;C:\Users\Ravikant Turi\.m2\repository\jakarta\annotation\jakarta.annotation-api\3.0.0\jakarta.annotation-api-3.0.0.jar;C:\Users\Ravikant Turi\.m2\repository\org\yaml\snakeyaml\2.6\snakeyaml-2.6.jar;C:\Users\Ravikant Turi\.m2\repository\org\springframework\boot\spring-boot-starter-jdbc\4.1.0\spring-boot-starter-jdbc-4.1.0.jar;C:\Users\Ravikant Turi\.m2\repository\com\zaxxer\HikariCP\7.0.2\HikariCP-7.0.2.jar;C:\Users\Ravikant Turi\.m2\repository\org\slf4j\slf4j-api\2.0.18\slf4j-api-2.0.18.jar;C:\Users\Ravikant Turi\.m2\repository\org\springframework\boot\spring-boot-data-jpa\4.1.0\spring-boot-data-jpa-4.1.0.jar;C:\Users\Ravikant Turi\.m2\repository\org\springframework\boot\spring-boot-data-commons\4.1.0\spring-boot-data-commons-4.1.0.jar;C:\Users\Ravikant Turi\.m2\repository\org\springframework\boot\spring-boot-persistence\4.1.0\spring-boot-persistence-4.1.0.jar;C:\Users\Ravikant Turi\.m2\repository\org\springframework\data\spring-data-commons\4.1.0\spring-data-commons-4.1.0.jar;C:\Users\Ravikant Turi\.m2\repository\org\springframework\boot\spring-boot-hibernate\4.1.0\spring-boot-hibernate-4.1.0.jar;C:\Users\Ravikant Turi\.m2\repository\org\springframework\boot\spring-boot-jpa\4.1.0\spring-boot-jpa-4.1.0.jar;C:\Users\Ravikant Turi\.m2\repository\jakarta\persistence\jakarta.persistence-api\3.2.0\jakarta.persistence-api-3.2.0.jar;C:\Users\Ravikant Turi\.m2\repository\org\hibernate\orm\hibernate-core\7.4.1.Final\hibernate-core-7.4.1.Final.jar;C:\Users\Ravikant Turi\.m2\repository\jakarta\transaction\jakarta.transaction-api\2.0.1\jakarta.transaction-api-2.0.1.jar;C:\Users\Ravikant Turi\.m2\repository\org\jboss\logging\jboss-logging\3.6.3.Final\jboss-logging-3.6.3.Final.jar;C:\Users\Ravikant Turi\.m2\repository\org\hibernate\models\hibernate-models\1.1.1\hibernate-models-1.1.1.jar;C:\Users\Ravikant Turi\.m2\repository\org\glassfish\jaxb\jaxb-runtime\4.0.9\jaxb-runtime-4.0.9.jar;C:\Users\Ravikant Turi\.m2\repository\org\glassfish\jaxb\jaxb-core\4.0.9\jaxb-core-4.0.9.jar;C:\Users\Ravikant Turi\.m2\repository\org\eclipse\angus\angus-activation\2.0.3\angus-activation-2.0.3.jar;C:\Users\Ravikant Turi\.m2\repository\org\glassfish\jaxb\txw2\4.0.9\txw2-4.0.9.jar;C:\Users\Ravikant Turi\.m2\repository\com\sun\istack\istack-commons-runtime\4.1.2\istack-commons-runtime-4.1.2.jar;C:\Users\Ravikant Turi\.m2\repository\jakarta\inject\jakarta.inject-api\2.0.1\jakarta.inject-api-2.0.1.jar;C:\Users\Ravikant Turi\.m2\repository\org\springframework\spring-orm\7.0.8\spring-orm-7.0.8.jar;C:\Users\Ravikant Turi\.m2\repository\org\springframework\data\spring-data-jpa\4.1.0\spring-data-jpa-4.1.0.jar;C:\Users\Ravikant Turi\.m2\repository\org\springframework\spring-aop\7.0.8\spring-aop-7.0.8.jar;C:\Users\Ravikant Turi\.m2\repository\org\springframework\spring-tx\7.0.8\spring-tx-7.0.8.jar;C:\Users\Ravikant Turi\.m2\repository\org\springframework\spring-beans\7.0.8\spring-beans-7.0.8.jar;C:\Users\Ravikant Turi\.m2\repository\org\antlr\antlr4-runtime\4.13.2\antlr4-runtime-4.13.2.jar;C:\Users\Ravikant Turi\.m2\repository\org\springframework\spring-aspects\7.0.8\spring-aspects-7.0.8.jar;C:\Users\Ravikant Turi\.m2\repository\org\aspectj\aspectjweaver\1.9.25.1\aspectjweaver-1.9.25.1.jar;C:\Users\Ravikant Turi\.m2\repository\org\springframework\boot\spring-boot-jdbc\4.1.0\spring-boot-jdbc-4.1.0.jar;C:\Users\Ravikant Turi\.m2\repository\org\springframework\boot\spring-boot-sql\4.1.0\spring-boot-sql-4.1.0.jar;C:\Users\Ravikant Turi\.m2\repository\org\springframework\boot\spring-boot-transaction\4.1.0\spring-boot-transaction-4.1.0.jar;C:\Users\Ravikant Turi\.m2\repository\org\springframework\spring-jdbc\7.0.8\spring-jdbc-7.0.8.jar;C:\Users\Ravikant Turi\.m2\repository\org\springframework\boot\spring-boot-starter-webmvc\4.1.0\spring-boot-starter-webmvc-4.1.0.jar;C:\Users\Ravikant Turi\.m2\repository\org\springframework\boot\spring-boot-starter-jackson\4.1.0\spring-boot-starter-jackson-4.1.0.jar;C:\Users\Ravikant Turi\.m2\repository\org\springframework\boot\spring-boot-jackson\4.1.0\spring-boot-jackson-4.1.0.jar;C:\Users\Ravikant Turi\.m2\repository\tools\jackson\core\jackson-databind\3.1.4\jackson-databind-3.1.4.jar;C:\Users\Ravikant Turi\.m2\repository\com\fasterxml\jackson\core\jackson-annotations\2.21\jackson-annotations-2.21.jar;C:\Users\Ravikant Turi\.m2\repository\tools\jackson\core\jackson-core\3.1.4\jackson-core-3.1.4.jar;C:\Users\Ravikant Turi\.m2\repository\org\springframework\boot\spring-boot-starter-tomcat\4.1.0\spring-boot-starter-tomcat-4.1.0.jar;C:\Users\Ravikant Turi\.m2\repository\org\springframework\boot\spring-boot-starter-tomcat-runtime\4.1.0\spring-boot-starter-tomcat-runtime-4.1.0.jar;C:\Users\Ravikant Turi\.m2\repository\org\apache\tomcat\embed\tomcat-embed-core\11.0.22\tomcat-embed-core-11.0.22.jar;C:\Users\Ravikant Turi\.m2\repository\org\apache\tomcat\embed\tomcat-embed-el\11.0.22\tomcat-embed-el-11.0.22.jar;C:\Users\Ravikant Turi\.m2\repository\org\apache\tomcat\embed\tomcat-embed-websocket\11.0.22\tomcat-embed-websocket-11.0.22.jar;C:\Users\Ravikant Turi\.m2\repository\org\springframework\boot\spring-boot-tomcat\4.1.0\spring-boot-tomcat-4.1.0.jar;C:\Users\Ravikant Turi\.m2\repository\org\springframework\boot\spring-boot-http-converter\4.1.0\spring-boot-http-converter-4.1.0.jar;C:\Users\Ravikant Turi\.m2\repository\org\springframework\spring-web\7.0.8\spring-web-7.0.8.jar;C:\Users\Ravikant Turi\.m2\repository\io\micrometer\micrometer-observation\1.17.0\micrometer-observation-1.17.0.jar;C:\Users\Ravikant Turi\.m2\repository\io\micrometer\micrometer-commons\1.17.0\micrometer-commons-1.17.0.jar;C:\Users\Ravikant Turi\.m2\repository\org\springframework\boot\spring-boot-webmvc\4.1.0\spring-boot-webmvc-4.1.0.jar;C:\Users\Ravikant Turi\.m2\repository\org\springframework\boot\spring-boot-servlet\4.1.0\spring-boot-servlet-4.1.0.jar;C:\Users\Ravikant Turi\.m2\repository\org\springframework\spring-webmvc\7.0.8\spring-webmvc-7.0.8.jar;C:\Users\Ravikant Turi\.m2\repository\org\springframework\spring-expression\7.0.8\spring-expression-7.0.8.jar;C:\Users\Ravikant Turi\.m2\repository\org\modelmapper\modelmapper\3.2.1\modelmapper-3.2.1.jar;C:\Users\Ravikant Turi\.m2\repository\org\springframework\boot\spring-boot-devtools\4.1.0\spring-boot-devtools-4.1.0.jar;C:\Users\Ravikant Turi\.m2\repository\org\springframework\boot\spring-boot\4.1.0\spring-boot-4.1.0.jar;C:\Users\Ravikant Turi\.m2\repository\org\springframework\spring-core\7.0.8\spring-core-7.0.8.jar;C:\Users\Ravikant Turi\.m2\repository\commons-logging\commons-logging\1.3.6\commons-logging-1.3.6.jar;C:\Users\Ravikant Turi\.m2\repository\org\jspecify\jspecify\1.0.0\jspecify-1.0.0.jar;C:\Users\Ravikant Turi\.m2\repository\org\springframework\spring-context\7.0.8\spring-context-7.0.8.jar;C:\Users\Ravikant Turi\.m2\repository\org\springframework\boot\spring-boot-autoconfigure\4.1.0\spring-boot-autoconfigure-4.1.0.jar;C:\Users\Ravikant Turi\.m2\repository\com\mysql\mysql-connector-j\9.7.0\mysql-connector-j-9.7.0.jar;C:\Users\Ravikant Turi\.m2\repository\org\projectlombok\lombok\1.18.46\lombok-1.18.46.jar;C:\Users\Ravikant Turi\.m2\repository\jakarta\xml\bind\jakarta.xml.bind-api\4.0.5\jakarta.xml.bind-api-4.0.5.jar;C:\Users\Ravikant Turi\.m2\repository\jakarta\activation\jakarta.activation-api\2.1.4\jakarta.activation-api-2.1.4.jar;C:\Users\Ravikant Turi\.m2\repository\net\bytebuddy\byte-buddy\1.18.10\byte-buddy-1.18.10.jar;C:\Users\Ravikant Turi\.m2\repository\org\springframework\boot\spring-boot-web-server\4.1.0\spring-boot-web-server-4.1.0.jar, java.vm.vendor=Oracle Corporation, sun.arch.data.model=64, user.variant=, java.vendor.url=https://java.oracle.com/, catalina.useNaming=false, user.timezone=Asia/Calcutta, jakarta.persistence.sharedCache.mode=UNSPECIFIED, org.jboss.logging.provider=slf4j, java.vm.specification.version=22, os.name=Windows 11, APPLICATION_NAME=QuizApp, jakarta.persistence.nonJtaDataSource=HikariDataSource (HikariPool-1), sun.java.launcher=SUN_STANDARD, user.country=IN, sun.boot.library.path=C:\Program Files\Java\jdk-22\bin, sun.java.command=com.java.quiz.QuizAppApplication, javax.persistence.nonJtaDataSource=HikariDataSource (HikariPool-1), jdk.debug=release, sun.cpu.endian=little, hibernate.cdi.extensions=true, user.home=C:\Users\Ravikant Turi, user.language=en, sun.stderr.encoding=UTF-8, java.specification.vendor=Oracle Corporation, java.version.date=2024-03-19, java.home=C:\Program Files\Java\jdk-22, file.separator=\, java.vm.compressedOopsMode=32-bit, sun.stdout.encoding=UTF-8, line.separator=
, hibernate.persistenceUnitName=default, java.vm.specification.vendor=Oracle Corporation, java.specification.name=Java Platform API Specification, FILE_LOG_CHARSET=UTF-8, hibernate.transaction.coordinator_class=class org.hibernate.resource.transaction.backend.jdbc.internal.JdbcResourceLocalTransactionCoordinatorBuilderImpl, java.awt.headless=true, jakarta.persistence.validation.mode=AUTO, hibernate.hbm2ddl.auto=update, user.script=, sun.management.compiler=HotSpot 64-Bit Tiered Compilers, java.runtime.version=22+36-2370, user.name=Ravikant Turi, stdout.encoding=UTF-8, path.separator=;, os.version=10.0, java.runtime.name=Java(TM) SE Runtime Environment, file.encoding=UTF-8, java.vm.name=Java HotSpot(TM) 64-Bit Server VM, hibernate.show_sql=true, LOG_FILE=application.log, java.vendor.url.bug=https://bugreport.java.com/bugreport/, java.io.tmpdir=C:\Users\RAVIKA~1\AppData\Local\Temp\, catalina.home=C:\Users\Ravikant Turi\AppData\Local\Temp\tomcat.8080.17214031142106957105, java.version=22, hibernate.physical_naming_strategy=org.hibernate.boot.model.naming.PhysicalNamingStrategySnakeCaseImpl, user.dir=D:\SPRINGBOOT2026\QuizApp, os.arch=amd64, java.vm.specification.name=Java Virtual Machine Specification, PID=16884, sun.os.patch.level=, CONSOLE_LOG_CHARSET=windows-1252, catalina.base=C:\Users\Ravikant Turi\AppData\Local\Temp\tomcat.8080.17214031142106957105, hibernate.boot.CfgXmlAccessService.key=org.hibernate.boot.registry.StandardServiceRegistryBuilder$1@70acfa27, native.encoding=Cp1252, java.library.path=C:\Program Files\Java\jdk-22\bin;C:\WINDOWS\Sun\Java\bin;C:\WINDOWS\system32;C:\WINDOWS;C:\Users\Ravikant Turi\AppData\Local\Programs\Python\Python312\Scripts\;C:\Users\Ravikant Turi\AppData\Local\Programs\Python\Python312\;C:\Program Files\Common Files\Oracle\Java\javapath;C:\windows\system32;C:\windows;C:\windows\System32\Wbem;C:\windows\System32\WindowsPowerShell\v1.0\;C:\windows\System32\OpenSSH\;C:\Program Files (x86)\NVIDIA Corporation\PhysX\Common;C:\Program Files\NVIDIA Corporation\NVIDIA NvDLISR;C:\WINDOWS\system32;C:\WINDOWS;C:\WINDOWS\System32\Wbem;C:\WINDOWS\System32\WindowsPowerShell\v1.0\;C:\WINDOWS\System32\OpenSSH\;C:\Program Files (x86)\Dev-Cpp\MinGW64\bin;C:\Program Files\Java\jdk-19\bin;C:\ProgramData\chocolatey\bin;C:\GRADLE\gradle-7.6.4\bin;C:\Program Files\Git\cmd;C:\apache-jmeter-5.6.3\bin;C:\Program Files\nodejs\;C:\Users\Ravikant Turi\anaconda3;C:\Users\Ravikant Turi\anaconda3\Library\mingw-w64\bin;C:\Users\Ravikant Turi\anaconda3\Library\usr\bin;C:\Users\Ravikant Turi\anaconda3\Library\bin;C:\Users\Ravikant Turi\anaconda3\Scripts;C:\Users\Ravikant Turi\anaconda3\anakonda\ravi;C:\Users\Ravikant Turi\anaconda3\anakonda\ravi\Library\mingw-w64\bin;C:\Users\Ravikant Turi\anaconda3\anakonda\ravi\Library\usr\bin;C:\Users\Ravikant Turi\anaconda3\anakonda\ravi\Library\bin;C:\Users\Ravikant Turi\anaconda3\anakonda\ravi\Scripts;C:\Users\Ravikant Turi\AppData\Local\Microsoft\WindowsApps;C:\Program Files\JetBrains\IntelliJ IDEA Community Edition 2023.3.4\bin;;C:\Program Files\MinGW\bin;C:\Program Files\JetBrains\IntelliJ IDEA 2023.3.4\bin;;C:\Program Files\Java\jdk-19\bin;C:\Program Files\Java\jdk-22\bin;C:\Users\Ravikant Turi\AppData\Local\Programs\mongosh\;C:\Users\Ravikant Turi\AppData\Local\Programs\Microsoft VS Code\bin;C:\Users\Ravikant Turi\AppData\Roaming\npm;C:\Users\Ravikant Turi\AppData\Local\GitHubDesktop\bin;., stderr.encoding=UTF-8, java.vendor=Oracle Corporation, java.vm.info=mixed mode, sharing, java.vm.version=22+36-2370, sun.io.unicode.encoding=UnicodeLittle, hibernate.archive.scanner=org.hibernate.boot.archive.scan.internal.DisabledScanner, hibernate.connection.datasource=HikariDataSource (HikariPool-1), java.class.version=66.0, LOGGED_APPLICATION_NAME=[QuizApp] }
2026-08-13T13:17:01.514+05:30 DEBUG 16884 --- [QuizApp] [restartedMain] org.hibernate.HQL_FUNCTIONS              : Available HQL Functions:
	abs(NUMERIC arg)
	Double acos(NUMERIC arg)
	adddate(DATE datetime, INTEGER days)
	addtime(TIME datetime, TIME time)
	Boolean any(BOOLEAN arg)
	Integer ascii(STRING arg)
	Double asin(NUMERIC arg)
	Double atan(NUMERIC arg)
	Double atan2(NUMERIC arg0, NUMERIC arg1)
	avg(arg)
	bit_and(arg)
	Integer bit_length(STRING_OR_CLOB arg)
	bit_or(arg)
	bitand(arg0, arg1)
	bitnot(arg)
	bitor(arg0, arg1)
	bitxor(arg0, arg1)
	cast(arg as Type)
	ceiling(NUMERIC arg)
	Object changesetid(arg)
	Character char(INTEGER arg)
	Integer character_length(STRING_OR_CLOB arg)
	Character chr(INTEGER arg)
	coalesce(arg0[, arg1[, ...]])
	String collate(STRING string as COLLATION collation)
	String concat(STRING string0[, STRING string1[, ...]])
	Double cos(NUMERIC arg)
	Double cosh(NUMERIC arg)
	Double cot(NUMERIC arg)
	Long count([distinct ]{arg|*})
	Integer crc32(arg)
	Double cume_dist([arg0[, ...]])
	Date curdate()
	Date current date
	Date current time
	Date current timestamp
	Date current_date
	Instant current_instant
	Date current_time
	Date current_timestamp
	Date curtime()
	Date date(arg)
	dateadd(TEMPORAL_UNIT field, INTEGER magnitude, TEMPORAL datetime)
	Integer datediff(DATE end, DATE start)
	Integer day(DATE arg)
	String dayname(DATE arg)
	Integer dayofmonth(DATE arg)
	Integer dayofweek(DATE arg)
	Integer dayofyear(DATE arg)
	Double degrees(NUMERIC arg)
	Long dense_rank([arg0[, ...]])
	Boolean every(BOOLEAN arg)
	Double exp(NUMERIC arg)
	extract(TEMPORAL_UNIT field from TEMPORAL arg)
	first_valueANY value
	floor(NUMERIC arg)
	String format(TEMPORAL datetime as STRING pattern)
	greatest(COMPARABLE arg0, COMPARABLE arg1[, arg2[, ...]])
	String hex(arg)
	Integer hour(TIME arg)
	ifnull(arg0, arg1)
	String insert(STRING string, INTEGER start, INTEGER length, STRING replacement)
	Instant instant
	Integer instr(STRING string, STRING pattern[, INTEGER start[, INTEGER occurrence]])
	String json_array([arg0[, ...]])
	String json_array_append(IMPLICIT_JSON arg0, STRING arg1, ANY arg2)
	String json_array_insert(IMPLICIT_JSON arg0, STRING arg1, ANY arg2)
	String json_arrayagg(arg0[, arg1])
	Boolean json_exists(IMPLICIT_JSON arg0, STRING arg1)
	String json_insert(IMPLICIT_JSON arg0, STRING arg1, ANY arg2)
	String json_mergepatch(IMPLICIT_JSON arg0, IMPLICIT_JSON arg1[, arg2[, ...]])
	String json_object( ... )
	String json_objectagg(arg0, arg1[, arg2, arg3])
	String json_query( ... )
	String json_remove(IMPLICIT_JSON arg0, STRING arg1)
	String json_replace(IMPLICIT_JSON arg0, STRING arg1, ANY arg2)
	String json_set(IMPLICIT_JSON arg0, STRING arg1, ANY arg2)
	json_value( ... )
	lagANY value[, INTEGER offset[, ANY default]]
	Date last_day(DATE arg)
	last_valueANY value
	leadANY value[, INTEGER offset[, ANY default]]
	least(COMPARABLE arg0, COMPARABLE arg1[, arg2[, ...]])
	String left(STRING string, INTEGER length)
	Integer length(STRING_OR_CLOB arg)
	String listagg(STRING arg0, STRING arg1)
	Double ln(NUMERIC arg)
	LocalDate local date
	LocalDateTime local datetime
	LocalTime local time
	LocalDate local_date
	LocalDateTime local_datetime
	LocalTime local_time
	Date localtime
	Date localtimestamp
	Integer locate(STRING pattern, STRING string[, INTEGER start])
	Double log(NUMERIC arg0[, NUMERIC arg1])
	Double log10(NUMERIC arg)
	Double log2(NUMERIC arg)
	String lower(STRING string)
	String lpad(string, length[, padding])
	String ltrim(STRING string[, STRING characters])
	Date makedate(INTEGER year, INTEGER dayofyear)
	Date maketime(INTEGER hour, INTEGER min, INTEGER sec)
	max(COMPARABLE arg)
	byte[] md5(arg)
	Integer microsecond(TIME arg)
	min(COMPARABLE arg)
	Integer minute(TIME arg)
	Integer mod(INTEGER arg0, INTEGER arg1)
	ModificationType modificationtype(arg)
	Integer month(DATE arg)
	String monthname(DATE arg)
	Date now()
	nth_valueANY value, INTEGER nth
	nullif(arg0, arg1)
	Integer octet_length(STRING_OR_CLOB arg)
	OffsetDateTime offset datetime
	OffsetDateTime offset_datetime
	Integer ordinal(ENUM arg)
	String overlay(STRING string placing STRING replacement from INTEGER start[ for INTEGER length])
	String pad(STRING string with INTEGER length {leading|trailing}[ STRING character])
	Double percent_rank([arg0[, ...]])
	Double pi
	Integer position(STRING pattern in STRING string)
	Double power(NUMERIC arg0, NUMERIC arg1)
	Integer quarter(DATE arg)
	Double radians(NUMERIC arg)
	Double rand([INTEGER seed])
	Long rank([arg0[, ...]])
	Boolean regexp_like(STRING arg0, STRING arg1[, STRING arg2])
	String repeat(STRING string, INTEGER times)
	String replace(STRING string, STRING pattern, STRING replacement)
	String reverse(STRING arg)
	String right(STRING string, INTEGER length)
	round(NUMERIC number[, INTEGER places])
	Long row_number()
	String rpad(string, length[, padding])
	String rtrim(STRING string[, STRING characters])
	Integer second(TIME arg)
	byte[] sha(arg)
	String sha1(arg)
	String sha2(arg0, arg1)
	Integer sign(NUMERIC arg)
	Double sin(NUMERIC arg)
	Double sinh(NUMERIC arg)
	String soundex(arg)
	String space(INTEGER arg)
	sql
	Double sqrt(NUMERIC arg)
	Double stddev(NUMERIC arg)
	Double stddev_pop(NUMERIC arg)
	Double stddev_samp(NUMERIC arg)
	String str(arg)
	String string(ENUM arg)
	subdate(DATE datetime, INTEGER days)
	String substr(STRING string, INTEGER start[, INTEGER length])
	String substring(STRING string{ from|,} INTEGER start[{ for|,} INTEGER length])
	subtime(TIME datetime, TIME time)
	sum(arg)
	Date sysdate()
	Double tan(NUMERIC arg)
	Double tanh(NUMERIC arg)
	String time(arg)
	Date timestamp(arg0[, arg1])
	timestampadd(TEMPORAL_UNIT field, INTEGER magnitude, TEMPORAL datetime)
	Long|Double timestampdiff(TEMPORAL_UNIT field, TEMPORAL start, TEMPORAL end)
	String trim([[{leading|trailing|both} ][STRING arg0 ]from] STRING arg1)
	trunc( ... )
	truncate( ... )
	String upper(STRING string)
	Date utc_date
	Date utc_time
	Date utc_timestamp
	Double var_pop(NUMERIC arg)
	Double var_samp(NUMERIC arg)
	Double variance(NUMERIC arg)
	Integer week(DATE arg)
	Integer year(DATE arg)

2026-08-13T13:17:01.797+05:30 DEBUG 16884 --- [QuizApp] [restartedMain] org.hibernate.orm.core                   : HHH000513: Unable to create the ReflectionOptimizer for [com.java.quiz.model.Question]: private accessor [category]
2026-08-13T13:17:01.949+05:30  INFO 16884 --- [QuizApp] [restartedMain] org.hibernate.orm.core                   : HHH000489: No JTA platform available (set 'hibernate.transaction.jta.platform' to enable JTA platform integration)
2026-08-13T13:17:01.953+05:30 DEBUG 16884 --- [QuizApp] [restartedMain] org.hibernate.orm.service                : HHH010454: EventListenerRegistry access via ServiceRegistry is deprecated - use 'sessionFactory.getEventEngine().getListenerRegistry()' instead
2026-08-13T13:17:02.001+05:30 DEBUG 16884 --- [QuizApp] [restartedMain] org.hibernate.mapping.Table              : No alter strings for table: question
2026-08-13T13:17:02.002+05:30 DEBUG 16884 --- [QuizApp] [restartedMain] org.hibernate.orm.factoryRegistry        : HHH020384: Registering SessionFactory [07d3b2a0-aaf3-4e70-ac8f-50de6108c05e] (default)
2026-08-13T13:17:02.002+05:30  INFO 16884 --- [QuizApp] [restartedMain] j.LocalContainerEntityManagerFactoryBean : Initialized JPA EntityManagerFactory for persistence unit 'default'
2026-08-13T13:17:02.083+05:30  INFO 16884 --- [QuizApp] [restartedMain] o.s.d.j.r.query.QueryEnhancerFactories   : Hibernate is in classpath; If applicable, HQL parser will be used.
2026-08-13T13:17:02.218+05:30  WARN 16884 --- [QuizApp] [restartedMain] JpaBaseConfiguration$JpaWebConfiguration : spring.jpa.open-in-view is enabled by default. Therefore, database queries may be performed during view rendering. Explicitly configure spring.jpa.open-in-view to disable this warning
2026-08-13T13:17:02.541+05:30  INFO 16884 --- [QuizApp] [restartedMain] o.s.boot.tomcat.TomcatWebServer          : Tomcat started on port 8080 (http) with context path '/'
2026-08-13T13:17:02.546+05:30  INFO 16884 --- [QuizApp] [restartedMain] com.java.quiz.QuizAppApplication         : Started QuizAppApplication in 4.6 seconds (process running for 5.172)
2026-08-13T13:17:32.584+05:30  INFO 16884 --- [QuizApp] [http-nio-8080-exec-1] o.a.c.c.C.[Tomcat].[localhost].[/]       : Initializing Spring DispatcherServlet 'dispatcherServlet'
2026-08-13T13:17:32.585+05:30  INFO 16884 --- [QuizApp] [http-nio-8080-exec-1] o.s.web.servlet.DispatcherServlet        : Initializing Servlet 'dispatcherServlet'
2026-08-13T13:17:32.586+05:30  INFO 16884 --- [QuizApp] [http-nio-8080-exec-1] o.s.web.servlet.DispatcherServlet        : Completed initialization in 1 ms
2026-08-13T13:17:32.607+05:30 DEBUG 16884 --- [QuizApp] [http-nio-8080-exec-1] org.hibernate.orm.core                   : HHH006588: Opening session [tenant=null]
2026-08-13T13:17:32.785+05:30 DEBUG 16884 --- [QuizApp] [http-nio-8080-exec-1] org.hibernate.orm.core                   : HHH006583: Beginning transaction
2026-08-13T13:17:32.818+05:30 DEBUG 16884 --- [QuizApp] [http-nio-8080-exec-1] org.hibernate.SQL                        : select q1_0.id,q1_0.category,q1_0.content,q1_0.correct_ans,q1_0.created_at,q1_0.difficulty_level,q1_0.is_deleted,q1_0.optiona,q1_0.optionb,q1_0.optionc,q1_0.optiond,q1_0.question_id,q1_0.updated_at from question q1_0 where q1_0.id=?
2026-08-13T13:17:32.846+05:30 DEBUG 16884 --- [QuizApp] [http-nio-8080-exec-1] org.hibernate.SQL                        : select q1_0.id,q1_0.category,q1_0.content,q1_0.correct_ans,q1_0.created_at,q1_0.difficulty_level,q1_0.is_deleted,q1_0.optiona,q1_0.optionb,q1_0.optionc,q1_0.optiond,q1_0.question_id,q1_0.updated_at from question q1_0 where q1_0.id=?
2026-08-13T13:17:32.852+05:30 DEBUG 16884 --- [QuizApp] [http-nio-8080-exec-1] org.hibernate.orm.core                   : HHH006585: Rolling back transaction
2026-08-13T13:17:32.915+05:30  WARN 16884 --- [QuizApp] [http-nio-8080-exec-1] .m.m.a.ExceptionHandlerExceptionResolver : Resolved [org.springframework.orm.ObjectOptimisticLockingFailureException: Row was already updated or deleted by another transaction for entity [com.java.quiz.model.Question with id '781']]
2026-08-13T13:17:32.916+05:30 DEBUG 16884 --- [QuizApp] [http-nio-8080-exec-1] org.hibernate.session.metrics            : HHH000401: Logging session metrics:
	811600 ns acquiring 1 JDBC connections
	0 ns releasing 0 JDBC connections
	2963900 ns preparing 2 JDBC statements
	3246800 ns executing 2 JDBC statements
	0 ns executing 0 JDBC batches
	0 ns performing 0 second-level cache puts
	0 ns performing 0 second-level cache hits
	0 ns performing 0 second-level cache misses
	0 ns executing 0 flushes (flushing a total of 0 entities and 0 collections)
	0 ns executing 0 pre-partial-flushes
	0 ns executing 0 partial-flushes (flushing a total of 0 entities and 0 collections)

2026-08-13T13:18:27.299+05:30  INFO 16884 --- [QuizApp] [SpringApplicationShutdownHook] o.s.boot.tomcat.GracefulShutdown         : Commencing graceful shutdown. Waiting for active requests to complete
2026-08-13T13:18:27.314+05:30  INFO 16884 --- [QuizApp] [tomcat-shutdown] o.s.boot.tomcat.GracefulShutdown         : Graceful shutdown complete
2026-08-13T13:18:27.317+05:30  INFO 16884 --- [QuizApp] [SpringApplicationShutdownHook] j.LocalContainerEntityManagerFactoryBean : Closing JPA EntityManagerFactory for persistence unit 'default'
2026-08-13T13:18:27.317+05:30 DEBUG 16884 --- [QuizApp] [SpringApplicationShutdownHook] org.hibernate.orm.factory                : HHH90020005: Closing factory [07d3b2a0-aaf3-4e70-ac8f-50de6108c05e]
2026-08-13T13:18:27.320+05:30  INFO 16884 --- [QuizApp] [SpringApplicationShutdownHook] com.zaxxer.hikari.HikariDataSource       : HikariPool-1 - Shutdown initiated...
2026-08-13T13:18:27.329+05:30  INFO 16884 --- [QuizApp] [SpringApplicationShutdownHook] com.zaxxer.hikari.HikariDataSource       : HikariPool-1 - Shutdown completed.
